"HUD ID Number","Project Name","Project Address","Project City","Project State","Project ZIP Code","County","Total Number of Units","Total Low-Income Units","Compliance Monitoring Status"
"NYA00000154","ST JOHNS PLACE","1228 ST JOHNS PL","BROOKLYN","NY","11213","Kings County","48","22","Not Indicated"
"NYA19910070","1921-1925 FULTON ST HOUSING DEVELOPMENT","1921 FULTON ST","BROOKLYN","NY","11233","Kings County","36","36","Not Indicated"
"NYA19920060","AFFORDABLE DWELLING UNIT","1126 FULTON ST","BROOKLYN","NY","11238","Kings County","12","12","Not Indicated"
"NYA19920065","BEC NEW COMMUNITIES HDFC","1440 BEDFORD AVE","BROOKLYN","NY","11216","Kings County","31","31","Not Indicated"
"NYA19920075","BK-Y PHASE II","646 CLASSON AVE","BROOKLYN","NY","11238","Kings County","32","19","Not Indicated"
"NYA19920215","LUIS DOMENECH TERRACE","366 HEWES ST","BROOKLYN","NY","11211","Kings County","52","52","Not Indicated"
"NYA19920280","ST MARKS HOUSE PHASE II","500 MONTGOMERY ST","BROOKLYN","NY","11225","Kings County","82","82","Not Indicated"
"NYA19920300","WILLAMSBURG COURT","330 UNION AVE","BROOKLYN","NY","","Kings County","59","59","Not Indicated"
"NYA19930005","1064 DEVELOPMENT","1064 WILLMOHR ST","BROOKLYN","NY","11212","Kings County","12","7","Not Indicated"
"NYA19930110","EAST NEW YORK","2715 PITKIN AVE","BROOKLYN","NY","11208","Kings County","59","59","Not Indicated"
"NYA19930190","MERCY HOME SINGLE ROOM OCCUPANCY","249 CLASSON AVE","BROOKLYN","NY","11205","Kings County","78","78","Not Indicated"
"NYA19930215","PHHP SITE #8","611 PENNSYLVANIA AVE","BROOKLYN","NY","11207","Kings County","15","15","Not Indicated"
"NYA19940020","1610 ASSOC","1610 ST JOHNS PL","BROOKLYN","NY","11233","Kings County","33","32","Not Indicated"
"NYA19940070","BK- 9A PARTNERS","1023 LAFAYETTE AVE","BROOKLYN","NY","11221","Kings County","22","11","Not Indicated"
"NYA19940075","BK-12G","2343 PACIFIC ST","BROOKLYN","NY","11233","Kings County","39","22","Not Indicated"
"NYA19940080","BK-6A","1566 EASTERN PKWY","BROOKLYN","NY","11233","Kings County","64","32","Not Indicated"
"NYA19940085","BK10-K","1327 HANCOCK ST","BROOKLYN","NY","11237","Kings County","22","11","Not Indicated"
"NYA19940175","MACON STREET APTS","4 MACON ST","BROOKLYN","NY","11216","Kings County","23","11","Not Indicated"
"NYA19940305","TIFFANY MEWS APTS","63 TIFFANY PL","BROOKLYN","NY","11231","Kings County","69","69","Not Indicated"
"NYA19950080","BK 12F","373 SUMPTER ST","BROOKLYN","NY","11233","Kings County","21","11","Not Indicated"
"NYA19950155","FIFTH AVENUE COMMITTEE INC HOUSING","77 GARFIELD PL","BROOKLYN","NY","11215","Kings County","36","21","Not Indicated"
"NYA19950165","GREEN AVENUE","763 GREENE AVE","BROOKLYN","NY","11221","Kings County","41","22","Not Indicated"
"NYA19950175","HFA #10","1105 MADISON ST","BROOKLYN","NY","11221","Kings County","18","18","Not Indicated"
"NYA19950185","HFA #13","160 HARMAN ST","BROOKLYN","NY","11221","Kings County","42","41","Not Indicated"
"NYA19950200","HOPE EQUITIES","827 LAFAYETTE AVE","BROOKLYN","NY","11221","Kings County","65","39","Not Indicated"
"NYA19950285","NOSTRAND AVENUE","480 NOSTRAND AVE","BROOKLYN","NY","11216","Kings County","25","13","Not Indicated"
"NYA19960030","1544 PARK PL","1544 PARK PL","BROOKLYN","NY","11213","Kings County","34","33","Not Indicated"
"NYA19960035","166 BROOKLYN AVE","166 BROOKLYN AVE","BROOKLYN","NY","11213","Kings County","24","24","Not Indicated"
"NYA19960070","996 HEGEMAN APTS","996 HEGEMAN AVE","BROOKLYN","NY","11208","Kings County","24","13","Not Indicated"
"NYA19960085","BEDFORD COMMUNITY DEVELOPMENT CORP","2255 BEDFORD AVE","BROOKLYN","NY","11226","Kings County","45","45","Not Indicated"
"NYA19960090","BK 12 E CORP","365 LINCOLN PL","BROOKLYN","NY","11238","Kings County","54","51","Not Indicated"
"NYA19960125","CHEEVER/CARROLL GARDEN","296 COLUMBIA ST","BROOKLYN","NY","11231","Kings County","14","14","Not Indicated"
"NYA19960205","HPD/PLP/HOME PROGRAM","1452 BEDFORD AVE","BROOKLYN","NY","11216","Kings County","8","8","Not Indicated"
"NYA19960235","MARTENSE STREET APTS","293 MARTENSE ST","BROOKLYN","NY","11226","Kings County","26","26","Not Indicated"
"NYA19960260","PARK TERRACE APTS","702 E 103RD ST","BROOKLYN","NY","11236","Kings County","72","71","Not Indicated"
"NYA19960275","REST HOUSE","165 CONOVER ST","BROOKLYN","NY","11231","Kings County","36","36","Not Indicated"
"NYA19960280","ROCKAWAY AVENUE PROJECT","181 ROCKAWAY AVE","BROOKLYN","NY","11233","Kings County","44","25","Not Indicated"
"NYA19960310","WOODRUFF PROJECT","165 WOODRUFF AVE","BROOKLYN","NY","11226","Kings County","27","27","Not Indicated"
"NYA19970020","21ST CENTURY DEVELOPMENT","861 GREENE AVE","BROOKLYN","NY","11221","Kings County","37","21","Not Indicated"
"NYA19970030","353 & 357 S 3RD ST PROJECT","353 S THIRD ST","BROOKLYN","NY","11211","Kings County","60","60","Not Indicated"
"NYA19970065","BALFOUR COURT APTS","1470 STERLING PL","BROOKLYN","NY","11213","Kings County","94","93","Not Indicated"
"NYA19970070","BKLE VACANT BLD","903 SARATOGA AVE","BROOKLYN","NY","11212","Kings County","61","36","Not Indicated"
"NYA19970120","HFA #15","41 WHIPPLE ST","BROOKLYN","NY","11206","Kings County","51","50","Not Indicated"
"NYA19970220","THROOP COURT","388 THROOP AVE","BROOKLYN","NY","11221","Kings County","53","52","Not Indicated"
"NYA19980100","ELTON COURT","335 ELTON ST","BROOKLYN","NY","11208","Kings County","40","39","Not Indicated"
"NYA19980230","WARREN STREET SUPPORTIVE HOUSING","551 WARREN ST","BROOKLYN","NY","11217","Kings County","68","67","Not Indicated"
"NYA19990160","NORTH CORE STUDIOS","2324 PITKIN AVE","BROOKLYN","NY","11207","Kings County","57","56","Not Indicated"
"NYA19990200","ST LUCY/ ST PATRICK FAMILY HOUSING","918 KENT AVE","BROOKLYN","NY","11205","Kings County","47","47","Not Indicated"
"NYA20000005","1425-1445 GATES AVE","557 KNICKERBOCKER AVE","BROOKLYN","NY","11221","Kings County","43","42","Not Indicated"
"NYA20000010","935 EASTERN PARKWAY","935 EASTERN PKWY","BROOKLYN","NY","11213","Kings County","17","17","Not Indicated"
"NYA20000100","GENESIS NEIGHBORHOOD CENTER","360 SNEDIKER AVE","BROOKLYN","NY","11207","Kings County","52","52","Not Indicated"
"NYA20000190","RICO'S PLACE","804 CLASSON AVE","BROOKLYN","NY","11238","Kings County","14","14","Not Indicated"
"NYA20010015","120 GERRY ST HDFC","120 GERRY ST","BROOKLYN","NY","11206","Kings County","46","46","Not Indicated"
"NYA20010060","CLOVER HALL","333 KOSCIUSZKO ST","BROOKLYN","NY","11221","Kings County","72","72","Not Indicated"
"NYA20010105","KNOX PLACE","577 GRAND AVE","BROOKLYN","NY","11238","Kings County","51","51","Not Indicated"
"NYA20010120","LINDEN COURT","150 LINDEN ST","BROOKLYN","NY","11221","Kings County","40","39","Not Indicated"
"NYA20010140","NUEVA VISTA","140 JOHNSON AVE","BROOKLYN","NY","11206","Kings County","23","23","Not Indicated"
"NYA20020015","218 GATES SUPPORTIVE HOUSING PROJECT","218 GATES AVE","BROOKLYN","NY","11238","Kings County","72","71","Not Indicated"
"NYA20020105","HURON STREET SENIOR HOUSING","150 HURON ST","BROOKLYN","NY","11222","Kings County","32","32","Not Indicated"
"NYA20020115","KHIDMAH ARMS","1515 ST JOHNS PL","BROOKLYN","NY","11213","Kings County","24","24","Not Indicated"
"NYA20030125","MT CARMEL MONASTERY SENIOR HOUSING","1493 BEDFORD AVE","BROOKLYN","NY","11216","Kings County","31","31","Not Indicated"
"NYA20030130","NOLL STREET APTS","43 CENTRAL AVE","BROOKLYN","NY","11206","Kings County","60","59","Not Indicated"
"NYA20040005","1615 ST JOHNS PL","1615 ST JOHNS PL","BROOKLYN","NY","11233","Kings County","35","34","Not Indicated"
"NYA20040045","DEKALB AVENUE APTS","910 DEKALB AVE","BROOKLYN","NY","11221","Kings County","64","63","Not Indicated"
"NYA20040355","R A C GARDENS","71 VISITATION PL","BROOKLYN","NY","11231","Kings County","60","60","Not Indicated"
"NYA20050133","SEA PARK NORTH","2828 W 28TH ST","BROOKLYN","NY","11224","Kings County","116","116","Not Indicated"
"NYA20050330","RHEINGOLD GARDENS","555 BUSHWICK AVE","BROOKLYN","NY","11206","Kings County","93","93","Not Indicated"
"NYA20060165","QUINCY SENIOR RESIDENCE","625 QUINCY ST","BROOKLYN","NY","11221","Kings County","94","94","Not Indicated"
"NYA20060180","ST LEONARD'S FAMILY HOUSING","52 WILSON AVE","BROOKLYN","NY","11237","Kings County","85","84","Not Indicated"
"NYA20060275","GEORGIA'S PLACE","691 PROSPECT PL","BROOKLYN","NY","11216","Kings County","48","48","Not Indicated"
"NYA20060310","RENAISSANCE ESTATES","1000 BUSHWICK AVE","BROOKLYN","NY","11221","Kings County","62","62","Not Indicated"
"NYA20070120","MELROSE APTS","63 CENTRAL AVE","BROOKLYN","NY","11206","Kings County","38","38","Not Indicated"
"NYA20070135","MYRTLE AVE APTS","854 MYRTLE AVE","BROOKLYN","NY","11206","Kings County","33","33","Not Indicated"
"NYA20070230","160 S SECOND ST","160 S SECOND ST","BROOKLYN","NY","11211","Kings County","25","25","Not Indicated"
"NYA20080020","HIMROD STREET APTS","165 HIMROD ST","BROOKLYN","NY","11221","Kings County","34","34","Not Indicated"
"NYA20080030","RUGGED CROSS APTS","12 PATCHEN AVE","BROOKLYN","NY","11221","Kings County","50","50","Not Indicated"
"NYA20080155","OCEANGATE","2955 W 29TH ST","BROOKLYN","NY","11224","Kings County","542","542","Not Indicated"
"NYA20080165","PALMER'S DOCK","20 N FIFTH ST","BROOKLYN","NY","11249","Kings County","113","95","Not Indicated"
"NYA20080175","QUINCY 15","15 QUINCY ST","BROOKLYN","NY","11238","Kings County","48","40","Not Indicated"
"NYA20090070","THE ROCKAWAY","730 ROCKAWAY AVE","BROOKLYN","NY","11212","Kings County","64","41","Not Indicated"
"NYA20100080","RHEINGOLD HEIGHTS APTS","87 MELROSE ST","BROOKLYN","NY","11206","Kings County","58","58","Not Indicated"
"NYA20100220","LIBERTY APTS","119 FOUNTAIN AVE","BROOKLYN","NY","11208","Kings County","42","","Not Indicated"
"NYA20100236","THE DOMENECH SENIOR APTS","1505 ST MARKS AVE","BROOKLYN","NY","11233","Kings County","71","","Not Indicated"
"NYA20110055","RHEINGOLD HEIGHTS APTS PHASE II","61 MELROSE ST","BROOKLYN","NY","11206","Kings County","59","58","Not Indicated"
"NYA20110252","THE ROCHESTER AVENUE APTS","1465 PROSPECT PL","BROOKLYN","NY","11213","Kings County","65","","Not Indicated"
"NYA20120249","CONCERN HEIGHTS APTS","805 E NEW YORK AVE","BROOKLYN","NY","11203","Kings County","88","","Not Indicated"
"NYA20120910","DEWITT SUPPORTIVE HOUSING","437 DEWITT AVE","BROOKLYN","NY","11207","Kings County","33","33","Not Indicated"
"NYA20130004","PUTNAM COURT","40 PUTNAM AVE","BROOKLYN","NY","11238","Kings County","59","59","Not Indicated"
"NYA20130286","LORETO PRESERVATION","2356 ATLANTIC AVE","BROOKLYN","NY","11233","Kings County","","","Not Indicated"
"NYA20130290","PARKSIDE COURT","642 ELDERT LN","BROOKLYN","NY","11208","Kings County","","","Not Indicated"
"NYA20132002","BAINBRIDGE MANOR","291 BAINBRIDGE STREET","BROOKLYN","NY","11233","Kings County","23","23","Not Indicated"
"NYA20132003","BELMONT GARDENS","628 ELDERT LANE","BROOKLYN","NY","11208","Kings County","64","64","Not Indicated"
"NYA20140030","KING GARDEN APTS","211 RIVERDALE AVE","BROOKLYN","NY","11212","Kings County","","","Not Indicated"
"NYA20140035","KNICKERBOCKER COMMONS","803 KNICKERBOCKER AVE","BROOKLYN","NY","11207","Kings County","","","Not Indicated"
"NYA20140040","MENNONITE UNITED REVIVAL APTS","424 MELROSE ST","BROOKLYN","NY","11237","Kings County","","","Not Indicated"
"NYA20151019","FROST STREET APARTMENTS","59 FROST STREET","BROOKLYN","NY","11211","Kings County","47","38","Not Indicated"
"NYA20151021","HERKIMER STREET RESIDENCE","437 HERKIMER STREET","BROOKLYN","NY","11213","Kings County","54","20","Not Indicated"
"NYA20152027","STANLEY COMMONS SENIOR HOUSING","890 SCHENCK AVE","BROOKLYN","NY","11207","Kings County","81","80","Not Indicated"
"NYA20161009","BERGEN SARATOGA APARTMENTS","331 SARATOGA AVE","BROOKLYN","NY","11233","Kings County","80","80","Not Indicated"
"NYA20163005","CONCERN BERGEN","1552 BERGEN STREET","BROOKLYN","NY","11213","Kings County","90","90","Not Indicated"
"NYA20170016","THE MEEKERMAN","410 MANHATTAN AVENUE","BROOKLYN","NY","11217","Kings County","50","39","Not Indicated"
"NYA20172018","GENESIS HOMES REFINANCE 2015","330 HINSDALE ST","KINGS","NY","11207","Kings County","150","150","Not Indicated"
"NYA20181005","695 GRAND STREET PROJECT","695 GRAND STREET","BROOKLYN","NY","11211","Kings County","51","42","Not Indicated"
"NYA20181017","COMUNILIFE WOODHULL","179 THROOP AVE","KINGS","NY","11206","Kings County","89","89","Not Indicated"
"NYA20183004","333 LENOX RD","331-333 LENOX RD","BROOKLYN","NY","11226","Kings County","58","58","Not Indicated"
"NYA20200001","OUR LADY OF LOURDES","1875 BROADWAY","BROOKLYN","NY","11207","Kings County","76","65","Not Indicated"
"NYA20200009","FOUNTAIN SEAVIEW (FOUNTAIN AVE A1)","11629 SEAVIEW AVE","BROOKLYN","NY","11239","Kings County","65","65","Not Indicated"
"NYA20201016","FOUNTAIN SEAVIEW B2 (FOUNTAIN AVE B2)","702 VANDALIA AVE","BROOKLYN","NY","11239","Kings County","65","65","Not Indicated"
"NYA20202005","210-214 HEGEMAN AVENUE","212 HEGEMAN AVENUE","BROOKLYN","NY","11212","Kings County","71","71","Not Indicated"
"NYA20212008","ATLANTIC EAST (AKA HARRY T. NANCE) APARTMENTS","1860-1866 EASTERN PKWY","BROOKLYN","NY","11233","Kings County","67","67","Not Indicated"
"NYA20221018","FAC SUNSET PARK LIBRARY","5108 4TH AVE","BROOKLYN","NY","11220","Kings County","50","40","Not Indicated"
"NYA20221034","SCHOLES SENIOR HOUSING 2017","64 SCHOLES STREET","BROOKLYN","NY","11206","Kings County","65","64","Not Indicated"
"NYB00000069","REMEEDER HOUSES APTSNT","SHEFFIELD AVE","BROOKLYN","NY","","Kings County","250","","Not Indicated"
"NYB19960010","SEAVIEW ESTATES","1455 E 108TH ST","BROOKLYN","NY","11236","Kings County","190","38","Not Indicated"
"NYB20000010","420 STOCKHOLM STREET","420 STOCKHOLM ST","BROOKLYN","NY","11237","Kings County","35","35","Not Indicated"
"NYB20050030","SCHAEFER BREWERY APTS","450 KENT AVE","BROOKLYN","NY","11249","Kings County","140","139","Not Indicated"
"NYB20050035","SEA PARK EAST","2970 W 27TH ST","BROOKLYN","NY","11224","Kings County","332","308","Not Indicated"
"NYB20050040","SEA PARK WEST","2930 W 30TH ST","BROOKLYN","NY","11224","Kings County","362","332","Not Indicated"
"NYB20090007","80 DEKALB AVENUE","80 DEKALB AVE","BROOKLYN","NY","11201","Kings County","365","73","Not Indicated"
"NYB20110035","CONCERN MACDOUGAL","324332 MACDOUGAL ST","BROOKLYN","NY","","Kings County","65","65","Not Indicated"
"NYB20110809","25 WASHINGTON STREET APARTMENTS","25 WASHINGTON ST","BROOKLYN","NY","11201","Kings County","106","21","Not Indicated"
"NYB20110810","GENESIS NEIGHBORHOOD PLAZA II (HELP USA)","350 SNEDIKER AVE","BROOKLYN","NY","11207","Kings County","98","97","Not Indicated"
"NYB20120077","LIVONIA APTS","696 LIVONIA AVE","BROOKLYN","NY","11207","Kings County","","","Not Indicated"
"NYB20120806","HEGEMAN AVENUE","39 HEGEMAN AVE","BROOKLYN","NY","11212","Kings County","161","160","Not Indicated"
"NYB20130007","CAMBA","690 ALBANY AVE","BROOKLYN","NY","11203","Kings County","","","Not Indicated"
"NYB20140010","388 BRIDGE STREET APARTMENTS","388 BRIDGE ST","BROOKLYN","NY","11201","Kings County","234","48","Not Indicated"
"NYB20140020","CORNERSTONE SANDY F. RAY SENIOR HOUSING","550 GREENE AVE","BROOKLYN","NY","11216","Kings County","151","150","Not Indicated"
"NYB20141014","LOS SURES HOUSING FOR THE ELDERLY","201 ROEBLING ST","BROOKLYN","NY","11211","Kings County","56","55","Not Indicated"
"NYB20142002","29 FLATBUSH AVENUE","66 ROCKWELL PLACE","BROOKLYN","NY","11217","Kings County","66","66","Not Indicated"
"NYB20142012","DOCK STREET","60 WATER ST","BROOKLYN","NY","11201","Kings County","290","58","Not Indicated"
"NYB20143027","STUYPARK","77 NEW YORK AVE","BROOKLYN","NY","11216","Kings County","103","87","Not Indicated"
"NYB20148090","WILLOUGHBY COURT APARTMENTS","721 WILLOUGHBY AVE","BROOKLYN","NY","11206","Kings County","267","249","Not Indicated"
"NYB20151008","CABS SENIOR HOUSING","590 DEKALB AVE","BROOKLYN","NY","11205","Kings County","110","110","Not Indicated"
"NYB20152029","TILDEN GARDENS","2513 TILDEN AVE","BROOKLYN","NY","11266","Kings County","60","60","Not Indicated"
"NYB20161002","149 KENT AVENUE APARTMENTS","149 KENT AVE","BROOKLYN","NY","11249","Kings County","164","33","Not Indicated"
"NYB20161011","CAMBA GARDENS II","560 WINTHROP ST","BROOKLYN","NY","11203","Kings County","252","292","Not Indicated"
"NYB20162007","626 FLATBUSH AVENUE","626 FLATBUSH AVE","BROOKLYN","NY","11225","Kings County","254","51","Not Indicated"
"NYB20162013","BAM SOUTH","300 ASHLAND AVE","BROOKLYN","NY","11217","Kings County","0","0","Not Indicated"
"NYB20171009","BAY PARK ONE COMPANY","2750-2770 WEST 33RD ST","BROOKLYN","NY","11224","Kings County","334","294","Not Indicated"
"NYB20171010","BAY PARK TWO COMPANY","3395-3415 NEPTUNE AVE","BROOKLYN","NY","11224","Kings County","338","292","Not Indicated"
"NYB20175052","NEWPORT GARDENS","165, 169 LOTT AVE","BROOKLYN","NY","11212","Kings County","239","229","Not Indicated"
"NYB20190003","810 FULTON STREET APARTMENTS","810 FULTON STREET","BROOKLYN","NY","11238","Kings County","363","73","Not Indicated"
"NYB20190025","REGINA PACIS","2424 CROPSEY AVENUE","BROOKLYN","NY","11256","Kings County","168","167","Not Indicated"
"NYB20190034","SURF VETS PLACE","2002 SURF AVENUE","BROOKLYN","NY","11224","Kings County","135","134","Not Indicated"
"NYB20200014","HOPE GARDENS","415 EVERGREEN AVENUE","BROOKLYN","NY","11221","Kings County","949","945","Not Indicated"
"NYB20200019","LINWOOD PARK ASSOCIATES LLC","315 LINWOOD STREET","BROOKLYN","NY","11208","Kings County","100","99","Not Indicated"
"NYB20210010","FOUNTAIN SEAVIEW B3 LP","881 ERSKINE STREET","BROOKLYN","NY","11239","Kings County","144","143","Not Indicated"
"NYB20220017","MGX ASSOCIATES PHASE 1 F LLC","461 CHESTER STREET","BROOKLYN","NY","11212","Kings County","174","173","Not Indicated"
"NYB20220019","NEVINS STREET","50 NEVINS STREET","BROOKLYN","NY","11217","Kings County","129","128","Not Indicated"
"NYB20220029","VITAL BROOKDALE","523 EAST 98TH STREET","BROOKLYN","NY","11212","Kings County","160","159","Not Indicated"
"NYB20221012","CASA PASIVA","75 LINDEN STREET","BROOKLYN","NY","11221","Kings County","146","143","Not Indicated"
"NYC19890001","101-3 SO THIRD ST","101 S THIRD ST","BROOKLYN","NY","11249","Kings County","35","34","Not Indicated"
"NYC19890002","UNION COURT","306 UNION AVE","BROOKLYN","NY","11211","Kings County","21","20","Not Indicated"
"NYC19890004","BK 3-Q","1427 FLATBUSH AVE","BROOKLYN","NY","11210","Kings County","30","30","Not Indicated"
"NYC19890008","ROUND I (NEW PROSPECTS)","21 PATCHEN AVE","BROOKLYN","NY","11221","Kings County","68","66","Not Indicated"
"NYC19890009","ROUND I (QUINCY ST)","105 QUINCY ST","BROOKLYN","NY","11238","Kings County","12","12","Not Indicated"
"NYC19900001","BK 2-M","761 PROSPECT PL","BROOKLYN","NY","11216","Kings County","40","10","Not Indicated"
"NYC19900002","BK 3-H","189 COLUMBIA ST","BROOKLYN","NY","11231","Kings County","11","11","Not Indicated"
"NYC19900003","BK 3-V PHASE I","1454 BEDFORD AVE","BROOKLYN","NY","11216","Kings County","42","25","Not Indicated"
"NYC19900006","CLARKSON GARDENS","278 E 92ND ST","BROOKLYN","NY","11212","Kings County","105","30","Not Indicated"
"NYC19900012","ROUND I (NEXT WAVE)","20 MAUJER ST","BROOKLYN","NY","11206","Kings County","50","49","Not Indicated"
"NYC19900016","ROUND I (RODNEY DRIGGS)","778 DRIGGS AVE","BROOKLYN","NY","11211","Kings County","71","70","Not Indicated"
"NYC19910002","ABRAHAM RESID I","3915 NEPTUNE AVE","BROOKLYN","NY","11224","Kings County","76","75","Not Indicated"
"NYC19910003","BK 2-R","1628 LINCOLN PL","BROOKLYN","NY","11233","Kings County","74","19","Not Indicated"
"NYC19910008","ROUND II (CROWN PROSPECT)","459 ST MARKS AVE","BROOKLYN","NY","11238","Kings County","120","94","Not Indicated"
"NYC19910011","ROUND II (VERNON P BUFFALO)","4 VERNON AVE","BROOKLYN","NY","11206","Kings County","120","117","Not Indicated"
"NYC19910012","ROUND II (GROVELAND GARDENS)","299 JEFFERSON ST","BROOKLYN","NY","11237","Kings County","44","43","Not Indicated"
"NYC19910017","ROUND II (EASTERN LIGHT)","19 HUMBOLDT ST","BROOKLYN","NY","11206","Kings County","21","20","Not Indicated"
"NYC19920009","ROUND III (RIVERDALE)","474 RIVERDALE AVE","BROOKLYN","NY","11207","Kings County","68","66","Not Indicated"
"NYC19920014","ROUND III (SOUTH BROOKLYN RENEWAL)","165 COLUMBIA ST","BROOKLYN","NY","11231","Kings County","28","27","Not Indicated"
"NYC19920016","ROUND III (MALCOLM 1677)","291 REID AVE","BROOKLYN","NY","11233","Kings County","22","21","Not Indicated"
"NYC19920017","ROUND III (HILLS)","116 CRESCENT ST","BROOKLYN","NY","11208","Kings County","27","26","Not Indicated"
"NYC19920021","ROUND III (NE BROOKLYN )","399 KOSCIUSZKO ST","BROOKLYN","NY","11221","Kings County","40","39","Not Indicated"
"NYC19920023","ROUND III (OCEANHILL HOUSING)","2174 ATLANTIC AVE","BROOKLYN","NY","11233","Kings County","18","18","Not Indicated"
"NYC19920024","ROUND III (GENESIS)","175 SARATOGA AVE","BROOKLYN","NY","11233","Kings County","27","26","Not Indicated"
"NYC19920026","ROUND III (TRIO)","165 QUINCY ST","BROOKLYN","NY","11216","Kings County","27","26","Not Indicated"
"NYC19920028","ROUND III (ST JOHNS HAVEN)","261 BUFFALO AVE","BROOKLYN","NY","11213","Kings County","36","35","Not Indicated"
"NYC19920029","ROUND III (ROCKHULL REDEVELOPMENT)","38 SOMERS ST","BROOKLYN","NY","11233","Kings County","45","43","Not Indicated"
"NYC19930003","ROUND III (ROCHESTER AVE)","183 ROCHESTER AVE","BROOKLYN","NY","11213","Kings County","34","33","Not Indicated"
"NYC19930009","ROUND III (ELEUTERIO REYES APTS)","120 FIRST ST","BROOKLYN","NY","","Kings County","47","46","Not Indicated"
"NYC19930011","ROUND III (NORTHERN DAYBREAK)","29 DEBEVOISE AVE","BROOKLYN","NY","11211","Kings County","18","17","Not Indicated"
"NYC19930012","ROUND III (NWR)","28 KINGSLAND AVE","BROOKLYN","NY","11211","Kings County","33","32","Not Indicated"
"NYC19930016","ROUND IV (ANTHONY E CARTER)","325 NEW LOTS AVE","BROOKLYN","NY","11207","Kings County","51","50","Not Indicated"
"NYC19930018","ROUND IV (PDQB)","689 DEKALB AVE","BROOKLYN","NY","11216","Kings County","67","65","Not Indicated"
"NYC19930019","ROUND IV (WILLOUGHBY-TOMPKINS)","162 VERNON AVE","BROOKLYN","NY","11206","Kings County","55","54","Not Indicated"
"NYC19930021","ROUND IV (BROOKLYN)","462 HANCOCK ST","BROOKLYN","NY","11233","Kings County","50","49","Not Indicated"
"NYC19930026","ROUND IV (ST JOHNS HAVEN)","1303 ST JOHNS PL","BROOKLYN","NY","11213","Kings County","48","47","Not Indicated"
"NYC19940004","ROUND IV (EAST LINCOLN HOUSING)","1484 EASTERN PKWY","BROOKLYN","NY","11233","Kings County","60","58","Not Indicated"
"NYC19940008","ROUND V (FRANKLIN E ST MARKS)","782 FRANKLIN AVE","BROOKLYN","NY","11238","Kings County","36","35","Not Indicated"
"NYC19940017","ROUND V (UNION SUTTER REDEV)","2031 UNION ST","BROOKLYN","NY","11212","Kings County","36","35","Not Indicated"
"NYC19940019","ROUND V (SHESHBAZZAR)","721 DEKALB AVE","BROOKLYN","NY","11216","Kings County","61","59","Not Indicated"
"NYC19940024","ROUND VI (DAWSON ESTATES)","633 NEW JERSEY AVE","BROOKLYN","NY","11207","Kings County","23","22","Not Indicated"
"NYC19940028","ROUND VI (BROOKLYN)","905A GATES AVE","BROOKLYN","NY","11221","Kings County","33","32","Not Indicated"
"NYC19950015","ABRAHAM RESID II","3811 SURF AVE","BROOKLYN","NY","11224","Kings County","41","41","Not Indicated"
"NYC19950050","ROUND V (CCD)","223 MADISON ST","BROOKLYN","NY","11216","Kings County","43","42","Not Indicated"
"NYC19950065","ROUND VI (ASSOC OF BROOKLYN CLERGY)","277 TOMPKINS AVE","BROOKLYN","NY","11216","Kings County","42","40","Not Indicated"
"NYC19950070","ROUND VI (BEC NEW COMMUNITIES)","956 MYRTLE AVE","BROOKLYN","NY","11206","Kings County","31","30","Not Indicated"
"NYC19950100","ROUND VI (LDC OF CROWN HEIGHTS)","1050 BERGEN ST","BROOKLYN","NY","11216","Kings County","30","29","Not Indicated"
"NYC19950105","ROUND VI (MHANY)","796 CLASSON AVE","BROOKLYN","NY","11238","Kings County","37","36","Not Indicated"
"NYC19950115","ROUND VI (PACC)","848 GREENE AVE","BROOKLYN","NY","11221","Kings County","32","31","Not Indicated"
"NYC19950130","ROUND VI (URBAN STRATEGIES)","2108 FULTON ST","BROOKLYN","NY","11233","Kings County","45","44","Not Indicated"
"NYC19950145","TURNING POINT REDHOOK","713 HENRY ST","BROOKLYN","NY","11231","Kings County","31","30","Not Indicated"
"NYC19960037","PHASE IIC1 & IIC2","451 PROSPECT PL","BROOKLYN","NY","11238","Kings County","77","53","Not Indicated"
"NYC19960055","ROUND VI (NE BROOKLYN HOUSING CORP BROADWAY)","340 HART ST","BROOKLYN","NY","11206","Kings County","43","42","Not Indicated"
"NYC19960065","ROUND VII (ENY URBAN YOUTH CORPS)","2297 PITKIN AVE","BROOKLYN","NY","11207","Kings County","26","25","Not Indicated"
"NYC19960075","ROUND VII (VANNGUARD URBAN IMPR)","575 HALSEY ST","BROOKLYN","NY","11233","Kings County","21","20","Not Indicated"
"NYC19970002","1120 MADISON ST","1120 MADISON ST","BROOKLYN","NY","11221","Kings County","16","16","Not Indicated"
"NYC19970005","399-401 SOUTH 4TH","399 S FOURTH ST","BROOKLYN","NY","11211","Kings County","31","25","Not Indicated"
"NYC19970020","CLASSON AVE CLUSTER","483 ST MARKS AVE","BROOKLYN","NY","11238","Kings County","8","6","Not Indicated"
"NYC19970025","CLASSON AVE CLUSTER","489 ST MARKS AVE","BROOKLYN","NY","11238","Kings County","8","5","Not Indicated"
"NYC19970030","CLASSON AVE CLUSTER","515 ST MARKS AVE","BROOKLYN","NY","11238","Kings County","8","5","Not Indicated"
"NYC19970035","CLASSON AVE CLUSTER","634 CLASSON AVE","BROOKLYN","NY","11238","Kings County","6","4","Not Indicated"
"NYC19970040","CLASSON AVE CLUSTER","808 BERGEN ST","BROOKLYN","NY","11238","Kings County","7","4","Not Indicated"
"NYC19970045","CLASSON AVE CLUSTER","818 BERGEN ST","BROOKLYN","NY","11238","Kings County","8","6","Not Indicated"
"NYC19970110","LAFAYETTE CLUSTER","312 VAN BUREN ST","BROOKLYN","NY","11221","Kings County","2","2","Not Indicated"
"NYC19970115","LAFAYETTE CLUSTER","480 LAFAYETTE AVE","BROOKLYN","NY","11205","Kings County","2","2","Not Indicated"
"NYC19970120","LAFAYETTE CLUSTER","535 LAFAYETTE AVE","BROOKLYN","NY","11205","Kings County","2","2","Not Indicated"
"NYC19970145","ROUND VI (SOUTHSIDE UNITED)","907 DRIGGS AVE","BROOKLYN","NY","11211","Kings County","21","20","Not Indicated"
"NYC19970147","ROUND VII (BROOKLYN)","48 HANCOCK ST","BROOKLYN","NY","11216","Kings County","26","25","Not Indicated"
"NYC19970160","ROUND VII (ASSOC OF BROOKLYN CLERGY)","894 KENT AVE","BROOKLYN","NY","11205","Kings County","43","42","Not Indicated"
"NYC19970165","ROUND VII (BEC NEW COMMUNITIES)","634 FRANKLIN AVE","BROOKLYN","NY","11238","Kings County","71","70","Not Indicated"
"NYC19970180","ROUND VII (LDC OF CROWN HEIGHTS)","333 PROSPECT PL","BROOKLYN","NY","11238","Kings County","34","33","Not Indicated"
"NYC19970185","ROUND VII (NE BROOKLYN HOUSING CORP BROADWAY)","706 MACDONOUGH ST","BROOKLYN","NY","11233","Kings County","47","46","Not Indicated"
"NYC19970215","STAGG-MORGAN","18 STAGG ST","BROOKLYN","NY","11206","Kings County","36","31","Not Indicated"
"NYC19970220","SUNSET HEIGHTS","354 41ST ST","BROOKLYN","NY","11232","Kings County","32","23","Not Indicated"
"NYC19979001","1120-22 MADISON AVENUE","1120-22 MADISON STREET","BROOKLYN","NY","11221","Kings County","16","16","Not Indicated"
"NYC19980060","CLASSON AVE CLUSTER","1020 PACIFIC ST","BROOKLYN","NY","11238","Kings County","5","4","Not Indicated"
"NYC19980065","CLASSON AVE CLUSTER","1063 PACIFIC ST","BROOKLYN","NY","11238","Kings County","8","4","Not Indicated"
"NYC19980070","CLASSON AVE CLUSTER","592 FRANKLIN AVE","BROOKLYN","NY","11238","Kings County","4","4","Not Indicated"
"NYC19980075","CLASSON AVE CLUSTER","643 FRANKLIN AVE","BROOKLYN","NY","11238","Kings County","8","6","Not Indicated"
"NYC19980080","CLASSON AVE CLUSTER","649 CLASSON AVE","BROOKLYN","NY","11238","Kings County","15","11","Not Indicated"
"NYC19980085","CLASSON AVE CLUSTER","663 CLASSON AVE","BROOKLYN","NY","11238","Kings County","6","4","Not Indicated"
"NYC19980090","CLASSON AVE CLUSTER","667 CLASSON AVE","BROOKLYN","NY","11238","Kings County","7","4","Not Indicated"
"NYC19980095","CLASSON AVE CLUSTER","872 BERGEN ST","BROOKLYN","NY","11238","Kings County","8","7","Not Indicated"
"NYC19980105","DOROTHY DUBLIN HOUSES","92 TAPSCOTT ST","BROOKLYN","NY","11212","Kings County","81","63","Not Indicated"
"NYC19980165","ELDERT DECATUR CLUST","1156 GATES AVE","BROOKLYN","NY","11221","Kings County","6","5","Not Indicated"
"NYC19980170","ELDERT/DECATUR CLUSTER","10 ELDERT ST","BROOKLYN","NY","11207","Kings County","8","8","Not Indicated"
"NYC19980175","ELDERT/DECATUR CLUSTER","1001 DECATUR ST","BROOKLYN","NY","11207","Kings County","6","6","Not Indicated"
"NYC19980180","ELDERT/DECATUR CLUSTER","1002 DECATUR ST","BROOKLYN","NY","11207","Kings County","6","5","Not Indicated"
"NYC19980185","ELDERT/DECATUR CLUSTER","1006 DECATUR ST","BROOKLYN","NY","11207","Kings County","6","5","Not Indicated"
"NYC19980190","ELDERT/DECATUR CLUSTER","22 ELDERT ST","BROOKLYN","NY","11207","Kings County","4","3","Not Indicated"
"NYC19980195","ELDERT/DECATUR CLUSTER","31 GRANITE ST","BROOKLYN","NY","11207","Kings County","6","6","Not Indicated"
"NYC19980200","ELDERT/DECATUR CLUSTER","34 GRANITE ST","BROOKLYN","NY","11207","Kings County","6","6","Not Indicated"
"NYC19980210","FOUNTAIN AVENUE PHASE I","122 DOSCHER ST","BROOKLYN","NY","11208","Kings County","39","30","Not Indicated"
"NYC19980215","FOUNTAIN AVENUE PHASE II","970 BELMONT AVE","BROOKLYN","NY","11208","Kings County","29","22","Not Indicated"
"NYC19980220","FRANKLIN AVE CLUSTER","1405 ST JOHNS PL","BROOKLYN","NY","11213","Kings County","20","19","Not Indicated"
"NYC19980225","FRANKLIN AVE CLUSTER","572 PROSPECT PL","BROOKLYN","NY","11238","Kings County","20","11","Not Indicated"
"NYC19980230","FRANKLIN AVE CLUSTER","582 STERLING PL","BROOKLYN","NY","11238","Kings County","4","4","Not Indicated"
"NYC19980235","FRANKLIN AVE CLUSTER","611 ST JOHNS PL","BROOKLYN","NY","11238","Kings County","8","8","Not Indicated"
"NYC19980240","FRANKLIN AVE CLUSTER","693 FRANKLIN AVE","BROOKLYN","NY","11238","Kings County","8","4","Not Indicated"
"NYC19980245","FRANKLIN AVE CLUSTER","697 FRANKLIN AVE","BROOKLYN","NY","11238","Kings County","8","5","Not Indicated"
"NYC19980250","FRANKLIN AVE CLUSTER","992 BERGEN ST","BROOKLYN","NY","11216","Kings County","4","4","Not Indicated"
"NYC19980255","GATES CLUSTER DEVELOPMENT CO","142 MADISON ST","BROOKLYN","NY","11216","Kings County","16","16","Not Indicated"
"NYC19980275","LAFAYETTE CLUSTER","895 LAFAYETTE AVE","BROOKLYN","NY","11221","Kings County","7","7","Not Indicated"
"NYC19980280","LAFAYETTE CLUSTER","952 LAFAYETTE AVE","BROOKLYN","NY","11221","Kings County","2","2","Not Indicated"
"NYC19980285","MAHOOD-HAWKINS HOUSES","2 SPENCER PL","BROOKLYN","NY","11216","Kings County","42","33","Not Indicated"
"NYC19980290","MAMIE WIGGINS APTS","327 HOWARD AVE","BROOKLYN","NY","11233","Kings County","108","89","Not Indicated"
"NYC19980295","MARY R WILSON-BILAL","116 TAPSCOTT ST","BROOKLYN","NY","11212","Kings County","93","75","Not Indicated"
"NYC19980305","MUHLENBERG/NEVINS RESIDENCE","510 ATLANTIC AVE","BROOKLYN","NY","11217","Kings County","202","194","Not Indicated"
"NYC19980310","P BERGEN KINGSTON","1439 BEDFORD AVE","BROOKLYN","NY","11216","Kings County","77","65","Not Indicated"
"NYC19980315","PUTNAM CLUSTER","186 MALCOLM X BLVD","BROOKLYN","NY","11221","Kings County","9","9","Not Indicated"
"NYC19980320","PUTNAM CLUSTER","201 MALCOLM X BLVD","BROOKLYN","NY","11221","Kings County","6","6","Not Indicated"
"NYC19980325","PUTNAM CLUSTER","205 MALCOLM X BLVD","BROOKLYN","NY","11221","Kings County","6","6","Not Indicated"
"NYC19980330","PUTNAM CLUSTER","668 MADISON ST","BROOKLYN","NY","11221","Kings County","8","6","Not Indicated"
"NYC19980335","PUTNAM CLUSTER","723 HANCOCK ST","BROOKLYN","NY","11233","Kings County","8","6","Not Indicated"
"NYC19980340","PUTNAM CLUSTER","796 PUTNAM AVE","BROOKLYN","NY","11221","Kings County","5","4","Not Indicated"
"NYC19980345","PUTNAM CLUSTER","828 PUTNAM AVE","BROOKLYN","NY","11221","Kings County","4","3","Not Indicated"
"NYC19980355","SOUTH BROOKLYN","429 E 13TH ST","BROOKLYN","NY","11218","Kings County","38","33","Not Indicated"
"NYC19980385","WILLIAMS ASSOC","486 WILLIAMS AVE","BROOKLYN","NY","11207","Kings County","140","106","Not Indicated"
"NYC19990020","67 HANSON PL","67 HANSON PL","BROOKLYN","NY","11217","Kings County","102","76","Not Indicated"
"NYC19990025","75 & 77 HANSON PLACE","75 HANSON PL","BROOKLYN","NY","11217","Kings County","8","3","Not Indicated"
"NYC19990045","CYPRESS COURT PHASE II","2829 FULTON ST","BROOKLYN","NY","11207","Kings County","57","52","Not Indicated"
"NYC19990070","FRANKLIN AVENUE CLUSTER (BROOKLYN)","552 ST MARKS AVE","BROOKLYN","NY","11238","Kings County","9","6","Not Indicated"
"NYC19990075","FRANKLIN AVENUE CLUSTER (BROOKLYN)","695 FRANKLIN AVE","BROOKLYN","NY","11238","Kings County","8","5","Not Indicated"
"NYC19990080","FRANKLIN AVENUE CLUSTER (BROOKLYN)","786 FRANKLIN AVE","BROOKLYN","NY","11238","Kings County","8","7","Not Indicated"
"NYC19990085","GATES AVENUE CLUSTER","142 MONROE ST","BROOKLYN","NY","11216","Kings County","8","6","Not Indicated"
"NYC19990090","GATES AVENUE CLUSTER","180 QUINCY ST","BROOKLYN","NY","11216","Kings County","16","13","Not Indicated"
"NYC19990095","GATES AVENUE CLUSTER","273 MONROE ST","BROOKLYN","NY","11216","Kings County","6","3","Not Indicated"
"NYC19990100","GATES AVENUE CLUSTER","281 QUINCY ST","BROOKLYN","NY","11216","Kings County","25","18","Not Indicated"
"NYC19990105","GATES AVENUE CLUSTER","340 GATES AVE","BROOKLYN","NY","11216","Kings County","8","5","Not Indicated"
"NYC19990110","GATES AVENUE CLUSTER","373 NOSTRAND AVE","BROOKLYN","NY","11216","Kings County","4","3","Not Indicated"
"NYC19990115","GATES AVENUE CLUSTER","425 GATES AVE","BROOKLYN","NY","11216","Kings County","11","7","Not Indicated"
"NYC19990120","GATES AVENUE CLUSTER","426 GATES AVE","BROOKLYN","NY","11216","Kings County","3","1","Not Indicated"
"NYC19990125","GATES AVENUE CLUSTER","529A GATES AVE","BROOKLYN","NY","11216","Kings County","4","4","Not Indicated"
"NYC19990130","GATES AVENUE CLUSTER","531 GATES AVE","BROOKLYN","NY","11216","Kings County","4","3","Not Indicated"
"NYC19990160","KOSCIUSKO CLUSTER","1134 BROADWAY","BROOKLYN","NY","11221","Kings County","1","1","Not Indicated"
"NYC19990165","KOSCIUSKO CLUSTER","557 KOSCIUSZKO ST","BROOKLYN","NY","11221","Kings County","16","14","Not Indicated"
"NYC19990170","KOSCIUSKO CLUSTER","812 LAFAYETTE AVE","BROOKLYN","NY","11221","Kings County","2","1","Not Indicated"
"NYC19990175","KOSCIUSKO CLUSTER","911 DEKALB AVE","BROOKLYN","NY","11221","Kings County","3","3","Not Indicated"
"NYC19990177","KOSCIUSKO CLUSTER","518 KOSCIUSZKO ST","BROOKLYN","NY","11221","Kings County","14","13","Not Indicated"
"NYC19990180","LAFAYETTE CLUSTER","1003 LAFAYETTE AVE","BROOKLYN","NY","11221","Kings County","9","8","Not Indicated"
"NYC19990185","LAFAYETTE CLUSTER","1069 LAFAYETTE AVE","BROOKLYN","NY","11221","Kings County","16","7","Not Indicated"
"NYC19990190","LAFAYETTE CLUSTER","1896 FULTON ST","BROOKLYN","NY","11233","Kings County","5","5","Not Indicated"
"NYC19990195","LAFAYETTE CLUSTER","262 VAN BUREN ST","BROOKLYN","NY","11221","Kings County","18","13","Not Indicated"
"NYC19990200","LAFAYETTE CLUSTER","52 PATCHEN AVE","BROOKLYN","NY","11221","Kings County","3","2","Not Indicated"
"NYC19990205","LAFAYETTE CLUSTER","751 GREENE AVE","BROOKLYN","NY","11221","Kings County","8","3","Not Indicated"
"NYC19990210","LAFAYETTE CLUSTER","794 GREENE AVE","BROOKLYN","NY","11221","Kings County","6","6","Not Indicated"
"NYC19990215","LAFAYETTE CLUSTER","838 LAFAYETTE AVE","BROOKLYN","NY","11221","Kings County","6","4","Not Indicated"
"NYC19990240","MADISON STREET CLUSTER","165 HANCOCK ST","BROOKLYN","NY","11216","Kings County","4","3","Not Indicated"
"NYC19990245","MADISON STREET CLUSTER","188 HANCOCK ST","BROOKLYN","NY","11216","Kings County","5","4","Not Indicated"
"NYC19990250","MADISON STREET CLUSTER","246 MADISON ST","BROOKLYN","NY","11216","Kings County","7","5","Not Indicated"
"NYC19990255","MADISON STREET CLUSTER","409 TOMPKINS AVE","BROOKLYN","NY","11216","Kings County","4","3","Not Indicated"
"NYC19990260","MADISON STREET CLUSTER","415 PUTNAM AVE","BROOKLYN","NY","11216","Kings County","4","4","Not Indicated"
"NYC19990265","MADISON STREET CLUSTER","446 MADISON ST","BROOKLYN","NY","11221","Kings County","12","11","Not Indicated"
"NYC19990270","MADISON STREET CLUSTER","464 MADISON ST","BROOKLYN","NY","11221","Kings County","6","4","Not Indicated"
"NYC19990275","MADISON STREET CLUSTER","493 PUTNAM AVE","BROOKLYN","NY","11221","Kings County","4","3","Not Indicated"
"NYC19990280","MADISON STREET CLUSTER","851 MARCY AVE","BROOKLYN","NY","11216","Kings County","4","3","Not Indicated"
"NYC19990285","NELSON LUQUER","60 NELSON ST","BROOKLYN","NY","11231","Kings County","44","34","Not Indicated"
"NYC19990295","PUTNAM CLUSTER","721 HANCOCK ST","BROOKLYN","NY","11233","Kings County","8","6","Not Indicated"
"NYC19990310","THE ALHAMBRA","500 NOSTRAND AVENUE","BROOKLYN","NY","11216","Kings County","46","46","Not Indicated"
"NYC19990340","THE VERMONT LP","710 DUMONT AVENUE","BROOKLYN","NY","11208","Kings County","74","74","Not Indicated"
"NYC20000045","EAST NY CLUSTER","1289 NOSTRAND AVE","BROOKLYN","NY","11226","Kings County","4","3","Not Indicated"
"NYC20000050","EAST NY CLUSTER","1604 BEDFORD AVE","BROOKLYN","NY","11225","Kings County","16","12","Not Indicated"
"NYC20000055","EAST NY CLUSTER","200 ROGERS AVE","BROOKLYN","NY","11225","Kings County","3","2","Not Indicated"
"NYC20000060","EAST NY CLUSTER","218 ROGERS AVE","BROOKLYN","NY","11225","Kings County","3","2","Not Indicated"
"NYC20000065","EAST NY CLUSTER","434 ROGERS AVE","BROOKLYN","NY","11225","Kings County","3","2","Not Indicated"
"NYC20000085","ELDERT/DECATUR CLUSTER","1151 GREENE AVE","BROOKLYN","NY","11221","Kings County","6","5","Not Indicated"
"NYC20000090","ELDERT/DECATUR CLUSTER","12 MENAHAN ST","BROOKLYN","NY","11221","Kings County","6","5","Not Indicated"
"NYC20000095","ELDERT/DECATUR CLUSTER","146 GROVE ST","BROOKLYN","NY","11221","Kings County","6","5","Not Indicated"
"NYC20000100","ELDERT/DECATUR CLUSTER","1492 BUSHWICK AVE","BROOKLYN","NY","11207","Kings County","10","9","Not Indicated"
"NYC20000105","ELDERT/DECATUR CLUSTER","15 MENAHAN ST","BROOKLYN","NY","11221","Kings County","8","8","Not Indicated"
"NYC20000110","ELDERT/DECATUR CLUSTER","205 WILSON AVE","BROOKLYN","NY","11237","Kings County","6","6","Not Indicated"
"NYC20000115","ELDERT/DECATUR CLUSTER","362 CENTRAL AVE","BROOKLYN","NY","11221","Kings County","5","4","Not Indicated"
"NYC20000120","ELDERT/DECATUR CLUSTER","436 EVERGREEN AVE","BROOKLYN","NY","11221","Kings County","7","7","Not Indicated"
"NYC20000125","ELDERT/DECATUR CLUSTER","464 CENTRAL AVE","BROOKLYN","NY","11221","Kings County","6","5","Not Indicated"
"NYC20000130","ELDERT/DECATUR CLUSTER","474 CENTRAL AVE","BROOKLYN","NY","11221","Kings County","5","5","Not Indicated"
"NYC20000135","ELDERT/DECATUR CLUSTER","87 HIMROD ST","BROOKLYN","NY","11221","Kings County","18","16","Not Indicated"
"NYC20000180","KOSCIUSKO CLUSTER","1080 DEKALB AVE","BROOKLYN","NY","11221","Kings County","3","1","Not Indicated"
"NYC20000185","KOSCIUSKO CLUSTER","1098 DEKALB AVE","BROOKLYN","NY","11221","Kings County","4","2","Not Indicated"
"NYC20000190","KOSCIUSKO CLUSTER","295 KOSCIUSZKO ST","BROOKLYN","NY","11221","Kings County","2","1","Not Indicated"
"NYC20000195","KOSCIUSKO CLUSTER","533 KOSCIUSZKO ST","BROOKLYN","NY","11221","Kings County","3","3","Not Indicated"
"NYC20000200","KOSCIUSKO CLUSTER","556 KOSCIUSZKO ST","BROOKLYN","NY","11221","Kings County","8","6","Not Indicated"
"NYC20000205","KOSCIUSKO CLUSTER","601 KOSCIUSZKO ST","BROOKLYN","NY","11221","Kings County","16","11","Not Indicated"
"NYC20000210","MACHULL REDEVELOPMENT ASSOC","358 BAINBRIDGE ST","BROOKLYN","NY","11233","Kings County","57","47","Not Indicated"
"NYC20000215","MADISON STREET CLUSTER","273 JEFFERSON AVE","BROOKLYN","NY","11216","Kings County","3","2","Not Indicated"
"NYC20000220","MADISON STREET CLUSTER","319 PUTNAM AVE","BROOKLYN","NY","11216","Kings County","5","3","Not Indicated"
"NYC20000225","MADISON STREET CLUSTER","396 MONROE ST","BROOKLYN","NY","11221","Kings County","4","3","Not Indicated"
"NYC20000230","MADISON STREET CLUSTER","401 PUTNAM AVE","BROOKLYN","NY","11216","Kings County","6","3","Not Indicated"
"NYC20000235","MADISON STREET CLUSTER","442 MADISON ST","BROOKLYN","NY","11221","Kings County","6","2","Not Indicated"
"NYC20000240","MADISON STREET CLUSTER","452 MADISON ST","BROOKLYN","NY","11221","Kings County","6","5","Not Indicated"
"NYC20000255","PUTNAM CLUSTER","660 MADISON ST","BROOKLYN","NY","11221","Kings County","8","6","Not Indicated"
"NYC20000260","PUTNAM CLUSTER","684 JEFFERSON AVE","BROOKLYN","NY","11221","Kings County","12","12","Not Indicated"
"NYC20000265","PUTNAM CLUSTER","768 JEFFERSON AVE","BROOKLYN","NY","11221","Kings County","8","6","Not Indicated"
"NYC20000300","SOUTH BROOKLYN NEIGHBORHOOD REDEVELOPMENT ASSOC","4008 NEW UTRECHT AVE","BROOKLYN","NY","11219","Kings County","22","16","Not Indicated"
"NYC20000305","SO BROOKLYN PHASE II","421 SMITH ST","BROOKLYN","NY","11231","Kings County","8","6","Not Indicated"
"NYC20000800","STUDEBAKER PLACE","1469 BEDFORD AVE","BROOKLYN","NY","11216","Kings County","27","27","Not Indicated"
"NYC20000801","QUINCY GREENE ASSOCIATES LP","587 QUINCY STREET","BROOKLYN","NY","11221","Kings County","44","44","Not Indicated"
"NYC20000806","THE WYONA LP","510 WYONA STREET","BROOKLYN","NY","11207","Kings County","40","40","Not Indicated"
"NYC20009001","1469 STUDEBAKER","1469 BEDFORD AVENUE","BROOKLYN","NY","11216","Kings County","26","26","Not Indicated"
"NYC20010005","219 SACKMAN LP","219 SACKMAN STREET","BROOKLYN","NY","11212","Kings County","38","37","Not Indicated"
"NYC20010040","EAST NY CLUSTER","888 FRANKLIN AVE","BROOKLYN","NY","11225","Kings County","4","3","Not Indicated"
"NYC20010075","EAST NY CLUSTER","1146 PRESIDENT ST","BROOKLYN","NY","11225","Kings County","8","7","Not Indicated"
"NYC20010080","EAST NY CLUSTER","175 STERLING ST","BROOKLYN","NY","11225","Kings County","2","1","Not Indicated"
"NYC20010085","EAST NY CLUSTER","229 ROGERS AVE","BROOKLYN","NY","11225","Kings County","3","2","Not Indicated"
"NYC20010090","EAST NY CLUSTER","298 ROGERS AVE","BROOKLYN","NY","11225","Kings County","3","2","Not Indicated"
"NYC20010095","EAST NY CLUSTER","300 RUTLAND RD","BROOKLYN","NY","11225","Kings County","7","6","Not Indicated"
"NYC20010100","EAST NY CLUSTER","388 RUTLAND RD","BROOKLYN","NY","11225","Kings County","4","4","Not Indicated"
"NYC20010105","EAST NY CLUSTER","727 FLATBUSH AVE","BROOKLYN","NY","11226","Kings County","2","1","Not Indicated"
"NYC20010110","EAST NY CLUSTER","827 E NEW YORK AVE","BROOKLYN","NY","11203","Kings County","6","5","Not Indicated"
"NYC20010115","EAST NY CLUSTER","901 FRANKLIN AVE","BROOKLYN","NY","11225","Kings County","2","2","Not Indicated"
"NYC20010150","HOWARD AVENUE CLUSTER","92 RALPH AVE","BROOKLYN","NY","11221","Kings County","6","3","Not Indicated"
"NYC20010155","HOWARD AVE CLUST","981 JEFFERSON AVE","BROOKLYN","NY","11221","Kings County","8","6","Not Indicated"
"NYC20010165","KOSCIUSKO CLUSTER","412 PULASKI ST","BROOKLYN","NY","11206","Kings County","21","16","Not Indicated"
"NYC20010170","NEB APTS","1056 GREENE AVE","BROOKLYN","NY","11221","Kings County","59","45","Not Indicated"
"NYC20010175","NEW LIFE HOMES","373 DEWITT AVE","BROOKLYN","NY","11207","Kings County","55","54","Not Indicated"
"NYC20010195","PUTNAM CLUSTER","680 JEFFERSON AVE","BROOKLYN","NY","11221","Kings County","35","26","Not Indicated"
"NYC20010210","EMERALD GREEN LP","1426 LORING AVENUE A-D","BROOKLYN","NY","11208","Kings County","100","99","Not Indicated"
"NYC20010220","SULLIVAN ST APTS","46 SULLIVAN ST","BROOKLYN","NY","11231","Kings County","20","20","Not Indicated"
"NYC20010225","SIXES","666 WILLOUGHBY AVE","BROOKLYN","NY","11206","Kings County","60","50","Not Indicated"
"NYC20010801","SULLIVAN 46 REALTY L.P.","46-54 SULLIVAN STREET","BROOKLYN","NY","11213","Kings County","20","20","Not Indicated"
"NYC20020010","BAINBRIDGE CLUSTER","249 MALCOLM X BLVD","BROOKLYN","NY","11233","Kings County","5","4","Not Indicated"
"NYC20020015","BAINBRIDGE CLUSTER","333 LEWIS AVE","BROOKLYN","NY","11233","Kings County","8","6","Not Indicated"
"NYC20020020","BAINBRIDGE CLUSTER","372 LEWIS AVE","BROOKLYN","NY","11233","Kings County","8","6","Not Indicated"
"NYC20020025","BAINBRIDGE CLUSTER","372 HANCOCK ST","BROOKLYN","NY","11216","Kings County","8","6","Not Indicated"
"NYC20020030","BAINBRIDGE CLUSTER","400 HANCOCK ST","BROOKLYN","NY","11216","Kings County","4","3","Not Indicated"
"NYC20020035","BAINBRIDGE CLUSTER","412 MACDONOUGH ST","BROOKLYN","NY","11233","Kings County","7","6","Not Indicated"
"NYC20020040","BAINBRIDGE CLUSTER","469 HANCOCK ST","BROOKLYN","NY","11233","Kings County","6","5","Not Indicated"
"NYC20020045","BAINBRIDGE CLUSTER","660 HALSEY ST","BROOKLYN","NY","11233","Kings County","6","5","Not Indicated"
"NYC20020050","QUINCY STREET HDFC","474 QUINCY ST","BROOKLYN","NY","11221","Kings County","14","14","Not Indicated"
"NYC20020060","BSDC NRP2001","732 MARCY AVE","BROOKLYN","NY","11216","Kings County","10","9","Not Indicated"
"NYC20020062","BUSHWICK CLUSTER","45 STOCKHOLM ST","BROOKLYN","NY","11221","Kings County","4","3","Not Indicated"
"NYC20020155","HOWARD AVENUE CLUSTER","1058 PUTNAM AVE","BROOKLYN","NY","11221","Kings County","6","4","Not Indicated"
"NYC20020160","HOWARD AVENUE CLUSTER","653 MACDONOUGH ST","BROOKLYN","NY","11233","Kings County","6","3","Not Indicated"
"NYC20020165","HOWARD AVENUE CLUSTER","914 HANCOCK ST","BROOKLYN","NY","11233","Kings County","6","4","Not Indicated"
"NYC20020185","LINDEN MEWS","458 RUBY ST","BROOKLYN","NY","11208","Kings County","39","38","Not Indicated"
"NYC20020200","NEB APTS","100 PULASKI ST","BROOKLYN","NY","11206","Kings County","49","26","Not Indicated"
"NYC20020205","NORTH BROOKLYN ESTATES","1134 MANHATTAN AVE","BROOKLYN","NY","11222","Kings County","18","15","Not Indicated"
"NYC20020255","EMERALD GREEN PHASE II LP","1426 LORING AVENUE","BROOKLYN","NY","11208","Kings County","83","82","Not Indicated"
"NYC20020803","RUBY DUMONT LP","458 RUBY STREET","BROOKLYN","NY","11208","Kings County","36","35","Not Indicated"
"NYC20030007","BANKOLE HOUSES","2159 PACIFIC ST","BROOKLYN","NY","11233","Kings County","41","33","Not Indicated"
"NYC20030010","BSDC NRP 2001","46 HALSEY ST","BROOKLYN","NY","11216","Kings County","52","37","Not Indicated"
"NYC20030015","BUSHWICK CLUSTER","106 TROUTMAN ST","BROOKLYN","NY","11206","Kings County","12","6","Not Indicated"
"NYC20030020","BUSHWICK CLUSTER","1203 MYRTLE AVE","BROOKLYN","NY","11221","Kings County","5","4","Not Indicated"
"NYC20030025","BUSHWICK CLUSTER","178 JEFFERSON AVE","BROOKLYN","NY","11216","Kings County","4","3","Not Indicated"
"NYC20030030","BUSHWICK CLUSTER","236 WILSON AVE","BROOKLYN","NY","11237","Kings County","5","4","Not Indicated"
"NYC20030035","BUSHWICK CLUSTER","34 STARR ST","BROOKLYN","NY","11221","Kings County","4","3","Not Indicated"
"NYC20030040","BUSHWICK CLUSTER","762 HART ST","BROOKLYN","NY","11237","Kings County","5","2","Not Indicated"
"NYC20030087","CROWN HEIGHTS NRP","765 ST JOHNS PL","BROOKLYN","NY","11216","Kings County","107","87","Not Indicated"
"NYC20030100","JEFFERSON CLUSTER (103 HALSEY ST)","103 HALSEY ST","BROOKLYN","NY","11216","Kings County","3","3","Not Indicated"
"NYC20030105","JEFFERSON CLUSTER (116 JEFFERSON AVE)","116 JEFFERSON AVE","BROOKLYN","NY","11216","Kings County","5","5","Not Indicated"
"NYC20030110","JEFFERSON CLUSTER (FULTON ST)","1160 FULTON ST","BROOKLYN","NY","11216","Kings County","4","3","Not Indicated"
"NYC20030115","JEFFERSON CLUSTER (BEDFORD AVE)","1204 BEDFORD AVE","BROOKLYN","NY","11216","Kings County","6","5","Not Indicated"
"NYC20030120","JEFFERSON CLUSTER (121 PUTNAM AVE)","121 PUTNAM AVE","BROOKLYN","NY","11238","Kings County","8","6","Not Indicated"
"NYC20030125","JEFFERSON CLUSTER (221 HALSEY ST)","221 HALSEY ST","BROOKLYN","NY","11216","Kings County","6","5","Not Indicated"
"NYC20030130","JEFFERSON CLUSTER (224 MACON ST)","224 MACON ST","BROOKLYN","NY","11216","Kings County","3","2","Not Indicated"
"NYC20030135","JEFFERSON CLUSTER (446 TOMPKINS AVE)","446 TOMPKINS AVE","BROOKLYN","NY","","Kings County","3","2","Not Indicated"
"NYC20030140","JEFFERSON CLUSTER (447 TOMPKINS AVE)","447 TOMPKINS AVE","BROOKLYN","NY","11216","Kings County","5","4","Not Indicated"
"NYC20030145","JUDAH ASSOC","234 SPENCER ST","BROOKLYN","NY","11205","Kings County","55","42","Not Indicated"
"NYC20030155","NORTH BROOKLYN ESTATES","110 MESEROLE ST","BROOKLYN","NY","11206","Kings County","16","13","Not Indicated"
"NYC20030175","STRONG","250 GREENE AVE","BROOKLYN","NY","11238","Kings County","35","26","Not Indicated"
"NYC20030180","GRANT FORBELL LP","922 FORBELL STREET","BROOKLYN","NY","11208","Kings County","102","101","Not Indicated"
"NYC20040040","BAINBRIDGE CLUSTER","217 BAINBRIDGE ST","BROOKLYN","NY","11233","Kings County","7","6","Not Indicated"
"NYC20040045","BAINBRIDGE CLUSTER","233 BAINBRIDGE ST","BROOKLYN","NY","11233","Kings County","4","3","Not Indicated"
"NYC20040050","BAINBRIDGE CLUSTER","239 BAINBRIDGE ST","BROOKLYN","NY","11233","Kings County","8","6","Not Indicated"
"NYC20040055","BAINBRIDGE CLUSTER","259 PATCHEN AVE","BROOKLYN","NY","11233","Kings County","5","4","Not Indicated"
"NYC20040155","NORTH BROOKLYN ESTATES","18 MORGAN AVE","BROOKLYN","NY","11237","Kings County","3","3","Not Indicated"
"NYC20040160","NORTH BROOKLYN ESTATES","27 INGRAHAM ST","BROOKLYN","NY","11206","Kings County","4","2","Not Indicated"
"NYC20040175","PACIFIC STREET CLUSTER","808 PARK PL","BROOKLYN","NY","11216","Kings County","8","6","Not Indicated"
"NYC20040180","PACIFIC STREET CLUSTER","83 KINGSTON AVE","BROOKLYN","NY","11213","Kings County","8","6","Not Indicated"
"NYC20040185","PACIFIC STREET CLUSTER","1138 DEAN ST","BROOKLYN","NY","11216","Kings County","4","3","Not Indicated"
"NYC20040190","PACIFIC STREET CLUSTER","1144 ST JOHNS PL","BROOKLYN","NY","11213","Kings County","6","5","Not Indicated"
"NYC20040195","PACIFIC STREET CLUSTER","1192 DEAN ST","BROOKLYN","NY","11216","Kings County","6","5","Not Indicated"
"NYC20040200","PACIFIC STREET CLUSTER","1224 DEAN ST","BROOKLYN","NY","11216","Kings County","3","2","Not Indicated"
"NYC20040205","PACIFIC STREET CLUSTER","1324 ST JOHNS PL","BROOKLYN","NY","11213","Kings County","8","7","Not Indicated"
"NYC20040210","PACIFIC STREET CLUSTER","1373 PACIFIC ST","BROOKLYN","NY","11216","Kings County","3","2","Not Indicated"
"NYC20040215","PACIFIC STREET CLUSTER","1446 PACIFIC ST","BROOKLYN","NY","11216","Kings County","8","7","Not Indicated"
"NYC20040230","SHEFFIELD AVENUE CLUSTER","475 RIVERDALE AVE","BROOKLYN","NY","11207","Kings County","13","10","Not Indicated"
"NYC20040235","SHEFFIELD AVENUE CLUSTER","516 HEGEMAN AVE","BROOKLYN","NY","11207","Kings County","6","5","Not Indicated"
"NYC20040240","SHEFFIELD AVENUE CLUSTER","638 VERMONT ST","BROOKLYN","NY","11207","Kings County","6","4","Not Indicated"
"NYC20040245","SHEFFIELD AVENUE CLUSTER","641 VERMONT ST","BROOKLYN","NY","11207","Kings County","8","6","Not Indicated"
"NYC20040250","SHEFFIELD AVENUE CLUSTER","686 SHEFFIELD AVE","BROOKLYN","NY","11207","Kings County","3","3","Not Indicated"
"NYC20040255","SHEFFIELD AVENUE CLUSTER","748 MILLER AVE","BROOKLYN","NY","11207","Kings County","5","4","Not Indicated"
"NYC20040260","SOUTH NINTH & BEDFORD NRP","300 BEDFORD AVE","BROOKLYN","NY","11249","Kings County","3","3","Not Indicated"
"NYC20040265","SOUTH NINTH & BEDFORD NRP","60 N EIGHTH ST","BROOKLYN","NY","11249","Kings County","6","4","Not Indicated"
"NYC20040270","SOUTH NINTH & BEDFORD NRP","73 S NINTH ST","BROOKLYN","NY","11249","Kings County","7","6","Not Indicated"
"NYC20040381","BAINBRIDGE CLUSTER","694 HANCOCK ST","BROOKLYN","NY","11233","Kings County","6","2","Not Indicated"
"NYC20040382","BAINBRIDGE CLUSTER","315 MALCOLM X BLVD","BROOKLYN","NY","11233","Kings County","8","6","Not Indicated"
"NYC20050025","HOWARD AVENUE CLUSTER","50 HOWARD AVE","BROOKLYN","NY","11221","Kings County","8","6","Not Indicated"
"NYC20050030","HOWARD AVENUE CLUSTER","843 HALSEY ST","BROOKLYN","NY","11233","Kings County","6","5","Not Indicated"
"NYC20050035","HOWARD AVENUE CLUSTER","872 MADISON ST","BROOKLYN","NY","11221","Kings County","8","6","Not Indicated"
"NYC20050097","RALPH GATES CLUSTER","3 SUMPTER ST","BROOKLYN","NY","11233","Kings County","4","3","Not Indicated"
"NYC20050100","SHEFFIELD AVENUE CLUSTER","543 SHEFFIELD AVE","BROOKLYN","NY","11207","Kings County","6","4","Not Indicated"
"NYC20050102","SHEFFIELD AVENUE CLUSTER","628 SCHENCK AVE","BROOKLYN","NY","11207","Kings County","8","5","Not Indicated"
"NYC20050103","SHEFFIELD AVENUE CLUSTER","633 VERMONT ST","BROOKLYN","NY","11207","Kings County","5","4","Not Indicated"
"NYC20050104","SHEFFIELD AVENUE CLUSTER","640 BRADFORD ST","BROOKLYN","NY","11207","Kings County","9","6","Not Indicated"
"NYC20050105","SHEFFIELD AVENUE CLUSTER","739 SHEFFIELD AVE","BROOKLYN","NY","11207","Kings County","3","3","Not Indicated"
"NYC20050106","SHEFFIELD AVENUE CLUSTER","677 SHEFFIELD AVE","BROOKLYN","NY","11207","Kings County","3","3","Not Indicated"
"NYC20050110","SHEFFIELD AVENUE CLUSTER","744 MILLER AVE","BROOKLYN","NY","11207","Kings County","5","5","Not Indicated"
"NYC20050124","BAINBRIDGE CLUSTER","677 HALSEY ST","BROOKLYN","NY","11233","Kings County","6","4","Not Indicated"
"NYC20050125","BAINBRIDGE CLUSTER","516 JEFFERSON AVE","BROOKLYN","NY","11221","Kings County","8","5","Not Indicated"
"NYC20050126","BAINBRIDGE CLUSTER","242 PATCHEN AVE","BROOKLYN","NY","11233","Kings County","8","6","Not Indicated"
"NYC20050145","CYPRESS CORNERS","1158 GLENMORE AVE","BROOKLYN","NY","11208","Kings County","3","2","Not Indicated"
"NYC20050146","CYPRESS CORNERS","2832 FULTON ST","BROOKLYN","NY","11207","Kings County","2","2","Not Indicated"
"NYC20050149","JEFFERSON CLUSTER (NOSTRAND AVE)","464 NOSTRAND AVE","BROOKLYN","NY","11216","Kings County","8","6","Not Indicated"
"NYC20050150","JEFFERSON CLUSTER (111 PUTNAM AVE)","111 PUTNAM AVE","BROOKLYN","NY","11238","Kings County","3","2","Not Indicated"
"NYC20050151","JEFFERSON CLUSTER (143 JEFFERSON AVE)","143 JEFFERSON AVE","BROOKLYN","NY","11216","Kings County","4","3","Not Indicated"
"NYC20050152","JEFFERSON CLUSTER (DECATUR ST)","68 DECATUR ST","BROOKLYN","NY","11216","Kings County","4","3","Not Indicated"
"NYC20050153","JEFFERSON CLUSTER (161 HALSEY ST)","161 HALSEY ST","BROOKLYN","NY","11216","Kings County","8","6","Not Indicated"
"NYC20050154","JEFFERSON CLUSTER (ATLANTIC AVE)","1369 ATLANTIC AVE","BROOKLYN","NY","11216","Kings County","16","12","Not Indicated"
"NYC20050155","MEDGAR EVERS HOUSES","620 GATES AVE","BROOKLYN","NY","11221","Kings County","35","22","Not Indicated"
"NYC20050156","MEDGAR EVERS HOUSES","630 GATES AVE","BROOKLYN","NY","11221","Kings County","35","23","Not Indicated"
"NYC20050157","MEDGAR EVERS HOUSES","745 GATES AVE","BROOKLYN","NY","11221","Kings County","32","24","Not Indicated"
"NYC20050158","MEDGAR EVERS HOUSES","755 GATES AVE","BROOKLYN","NY","11221","Kings County","34","23","Not Indicated"
"NYC20050165","RALPH GATES CLUSTER","78 SARATOGA AVE","BROOKLYN","NY","11233","Kings County","4","3","Not Indicated"
"NYC20050166","RALPH GATES CLUSTER","85 MACDOUGAL ST","BROOKLYN","NY","11233","Kings County","6","5","Not Indicated"
"NYC20050167","RALPH GATES CLUSTER","121 RALPH AVE","BROOKLYN","NY","11221","Kings County","3","2","Not Indicated"
"NYC20050168","RALPH GATES CLUSTER","241 VAN BUREN ST","BROOKLYN","NY","11221","Kings County","3","2","Not Indicated"
"NYC20050169","RALPH GATES CLUSTER","540 GATES AVE","BROOKLYN","NY","11221","Kings County","8","7","Not Indicated"
"NYC20050170","RALPH GATES CLUSTER","819 GATES AVE","BROOKLYN","NY","11221","Kings County","4","2","Not Indicated"
"NYC20050171","RALPH GATES CLUSTER","908 HERKIMER ST","BROOKLYN","NY","11233","Kings County","4","3","Not Indicated"
"NYC20050800","DR BETTY SHABAZZ APTS","660 GATES AVE","BROOKLYN","NY","11221","Kings County","40","35","Not Indicated"
"NYC20050812","125 COURT STREET LLC","125 COURT STREET","BROOKLYN","NY","11201","Kings County","320","64","Not Indicated"
"NYC20060013","DR BETTY SHABAZZ APTS","690 GATES AVE","BROOKLYN","NY","11221","Kings County","39","27","Not Indicated"
"NYC20060015","880 WILLOUGHBY","880 WILLOUGHBY AVE","BROOKLYN","NY","11221","Kings County","59","59","Not Indicated"
"NYC20060021","CYPRESS CORNERS","149 MILFORD ST","BROOKLYN","NY","11208","Kings County","6","4","Not Indicated"
"NYC20060026","HOWARD AVENUE APTS","86 SARATOGA AVE","BROOKLYN","NY","11233","Kings County","6","4","Not Indicated"
"NYC20060027","HOWARD AVENUE CLUSTER","447 BAINBRIDGE ST","BROOKLYN","NY","11233","Kings County","7","5","Not Indicated"
"NYC20060028","JEFFERSON CLUSTER (161 JEFFERSON AVE)","161 JEFFERSON AVE","BROOKLYN","NY","11216","Kings County","4","3","Not Indicated"
"NYC20060029","JEFFERSON CLUSTER (98 MACON ST)","98 MACON ST","BROOKLYN","NY","11216","Kings County","8","6","Not Indicated"
"NYC20060030","JEFFERSON CLUSTER (MACDONOUGH ST)","9 MACDONOUGH ST","BROOKLYN","NY","11216","Kings County","12","9","Not Indicated"
"NYC20060031","JEFFERSON CLUSTER (133 JEFFERSON AVE)","133 JEFFERSON AVE","BROOKLYN","NY","11216","Kings County","3","2","Not Indicated"
"NYC20060032","JEFFERSON CLUSTER (ATLANTIC AVE)","1371 ATLANTIC AVE","BROOKLYN","NY","11216","Kings County","16","12","Not Indicated"
"NYC20060033","KINGS COUNTY SNR RESIDENCE","600 ALBANY AVENUE","BROOKLYN","NY","11203","Kings County","173","172","Not Indicated"
"NYC20060036","MEDGAR EVERS HOUSES I","590 GATES AVE","BROOKLYN","NY","11221","Kings County","34","30","Not Indicated"
"NYC20060037","MEDGAR EVERS HOUSES","600 GATES AVE","BROOKLYN","NY","11221","Kings County","35","25","Not Indicated"
"NYC20060038","MEDGAR EVERS HOUSES","701 GATES AVE","BROOKLYN","NY","11221","Kings County","34","25","Not Indicated"
"NYC20060039","MEDGAR EVERS HOUSES","715 GATES AVE","BROOKLYN","NY","11221","Kings County","32","26","Not Indicated"
"NYC20060040","MEDGAR EVERS HOUSES","735 GATES AVE","BROOKLYN","NY","11221","Kings County","35","28","Not Indicated"
"NYC20060042","RALPH GATES CLUSTER","145 SUMNER AVE","BROOKLYN","NY","11206","Kings County","4","3","Not Indicated"
"NYC20060044","SHEFFIELD AVENUE CLUSTER","655 MILLER AVE","BROOKLYN","NY","11207","Kings County","5","5","Not Indicated"
"NYC20060045","SHEFFIELD AVENUE CLUSTER","568 VERMONT ST","BROOKLYN","NY","11207","Kings County","6","4","Not Indicated"
"NYC20060058","DR. BETTY SHABAZZ APARTMENTS","650 GATES AVENUE","BROOKLYN","NY","11221","Kings County","158","118","Not Indicated"
"NYC20060062","GRACE TOWERS APARTMENTS","2060 PITKIN AVENUE","BROOKLYN","NY","11207","Kings County","168","161","Not Indicated"
"NYC20060809","MEDGAR EVERS APARTMENTS","590 GATES AVENUE","BROOKLYN","NY","11221","Kings County","308","230","Not Indicated"
"NYC20070010","45 MALTA STREET","45 MALTA ST","BROOKLYN","NY","11207","Kings County","31","31","Not Indicated"
"NYC20070020","609 METROPOLITAN AVE ASSOCIATES, LP","609 METROPOLITAN AVENUE","BROOKLYN","NY","11211","Kings County","65","64","Not Indicated"
"NYC20070040","SR. LUCIAN SENIOR APARTMENTS, L.P.","415 BLEEKER STREET","BROOKLYN","NY","11237","Kings County","150","149","Not Indicated"
"NYC20070065","CYPRESS CORNERS","168 HENDRIX ST","BROOKLYN","NY","11207","Kings County","16","12","Not Indicated"
"NYC20070070","DEKALB SENIOR RESIDENCE APTS","1251 DEKALB AVE","BROOKLYN","NY","11221","Kings County","28","27","Not Indicated"
"NYC20070075","DONA ROSITA II","744 ROCKAWAY AVE","BROOKLYN","NY","11212","Kings County","60","60","Not Indicated"
"NYC20070087","DAVID CHAVIS APARTMENTS","230 KINGSTON AVENUE","BROOKLYN","NY","11213","Kings County","153","152","Not Indicated"
"NYC20070110","HOLY SPIRIT SENIOR APARTMENTS, L.P.","4624 17TH AVENUE","BROOKLYN","NY","11204","Kings County","51","50","Not Indicated"
"NYC20070145","MSGR. EDWARD T. BURKE APARTMENTS, L.P.","720 EAST 8TH STREET","BROOKLYN","NY","11230","Kings County","51","50","Not Indicated"
"NYC20070150","MSGR. JOHN P. OBRIEN SENIOR APARTMENTS L.P.","4112 FT. HAMILTON PARKWAY","BROOKLYN","NY","11219","Kings County","113","112","Not Indicated"
"NYC20070160","MONSIGNOR VETRO ASSOCCIATES, LP","320 DEVOE STREET","BROOKLYN","NY","11211","Kings County","45","44","Not Indicated"
"NYC20070175","PACIFIC VILLAGE PHASE II","124 KINGSTON AVE","BROOKLYN","NY","11213","Kings County","12","10","Not Indicated"
"NYC20070180","PACIFIC VILLAGE PHASE II","1198 PACIFIC ST","BROOKLYN","NY","11216","Kings County","35","25","Not Indicated"
"NYC20070185","PACIFIC VILLAGE PHASE II","815 PARK PL","BROOKLYN","NY","11216","Kings County","8","6","Not Indicated"
"NYC20070190","PACIFIC VILLAGE PHASE II","1071 BERGEN ST","BROOKLYN","NY","11216","Kings County","3","2","Not Indicated"
"NYC20070195","PACIFIC VILLAGE PHASE II","441 HERZL ST","BROOKLYN","NY","11212","Kings County","4","3","Not Indicated"
"NYC20070200","PACIFIC VILLAGE PHASE II","1025 BERGEN ST","BROOKLYN","NY","11216","Kings County","6","4","Not Indicated"
"NYC20070205","PACIFIC VILLAGE PHASE II","1272 PACIFIC ST","BROOKLYN","NY","11216","Kings County","8","6","Not Indicated"
"NYC20070245","PLAZA RESIDENCES I","37 NEW LOTS AVE","BROOKLYN","NY","11212","Kings County","66","58","Not Indicated"
"NYC20070280","WATKINS AVENUE CLUSTER","2245 STRAUSS ST","BROOKLYN","NY","11212","Kings County","4","3","Not Indicated"
"NYC20070285","WATKINS AVENUE CLUSTER","898 ROCKAWAY AVE","BROOKLYN","NY","11212","Kings County","3","3","Not Indicated"
"NYC20070290","WATKINS AVENUE CLUSTER","895 MOTHER GASTON BLVD","BROOKLYN","NY","11212","Kings County","6","5","Not Indicated"
"NYC20070295","WATKINS AVENUE CLUSTER","891 MOTHER GASTON BLVD","BROOKLYN","NY","11212","Kings County","6","5","Not Indicated"
"NYC20070300","WATKINS AVENUE CLUSTER","865 THOMAS S BOYLAND ST","BROOKLYN","NY","11212","Kings County","6","5","Not Indicated"
"NYC20070305","WATKINS AVENUE CLUSTER","769 THOMAS S BOYLAND ST","BROOKLYN","NY","11212","Kings County","6","4","Not Indicated"
"NYC20070310","WATKINS AVENUE CLUSTER","671 WATKINS ST","BROOKLYN","NY","11212","Kings County","4","3","Not Indicated"
"NYC20070315","WATKINS AVENUE CLUSTER","618 CHESTER ST","BROOKLYN","NY","11212","Kings County","4","3","Not Indicated"
"NYC20070320","WATKINS AVENUE CLUSTER","397 LEGION ST","BROOKLYN","NY","11212","Kings County","4","3","Not Indicated"
"NYC20070325","WATKINS AVENUE CLUSTER","2187 STRAUSS ST","BROOKLYN","NY","11212","Kings County","6","5","Not Indicated"
"NYC20070330","WATKINS AVENUE CLUSTER","910 ROCKAWAY AVE","BROOKLYN","NY","11212","Kings County","3","3","Not Indicated"
"NYC20070335","WATKINS AVENUE CLUSTER","816 SARATOGA AVE","BROOKLYN","NY","11212","Kings County","3","3","Not Indicated"
"NYC20070340","WATKINS AVENUE CLUSTER","670 WATKINS ST","BROOKLYN","NY","11212","Kings County","4","3","Not Indicated"
"NYC20070345","WATKINS AVENUE CLUSTER","431 JEFFERSON AVE","BROOKLYN","NY","11221","Kings County","6","5","Not Indicated"
"NYC20070350","WATKINS AVENUE CLUSTER","518 CHESTER ST","BROOKLYN","NY","11212","Kings County","4","3","Not Indicated"
"NYC20070355","WATKINS AVENUE CLUSTER","544 BRISTOL ST","BROOKLYN","NY","11212","Kings County","6","4","Not Indicated"
"NYC20070360","WATKINS AVENUE CLUSTER","140 NEWPORT ST","BROOKLYN","NY","11212","Kings County","6","4","Not Indicated"
"NYC20070365","WATKINS AVENUE CLUSTER","167 NEWPORT ST","BROOKLYN","NY","11212","Kings County","12","9","Not Indicated"
"NYC20070805","45 MALTA ASSOCIATES, LLC","47-61 MALTA STREET","BROOKLYN","NY","11207","Kings County","48","47","Not Indicated"
"NYC20070807","BISHOP BOARDMAN SENIOR APARTMENT LP","1615 8TH AVENUE","BROOKLYN","NY","11215","Kings County","201","200","Not Indicated"
"NYC20070809","POPE JOHN PAUL II SENIOR APARTMENTS, L.P.","255 OVINGTON AVENUE","BROOKLYN","NY","11209","Kings County","61","60","Not Indicated"
"NYC20070810","MARY STAR OF THE SEA SENIOR APARTMENTS, L.P.","41 FIRST STREET","BROOKLYN","NY","11231","Kings County","101","100","Not Indicated"
"NYC20070811","ST. BRENDAN SENIOR APARTMENTS, L.P.","1215 AVENUE O","BROOKLYN","NY","11230","Kings County","121","120","Not Indicated"
"NYC20070812","BISHOP FRANCIS J. MUGAVERO APARTMENTS, L.P.","29 GREEN AVENUE","BROOKLYN","NY","11238","Kings County","86","85","Not Indicated"
"NYC20070815","STATE RENAISSANCE COURT","200 SCHERMERHORN STREET","BROOKLYN","NY","11201","Kings County","158","47","Not Indicated"
"NYC20080030","575 FIFTH AVE","575 FIFTH AVE","BROOKLYN","NY","11215","Kings County","49","48","Not Indicated"
"NYC20080065","COOPER & DECATUR CLUSTER","236 MOFFAT ST","BROOKLYN","NY","11207","Kings County","12","9","Not Indicated"
"NYC20080070","COOPER & DECATUR CLUSTER","1281 DECATUR ST","BROOKLYN","NY","11207","Kings County","4","3","Not Indicated"
"NYC20080075","COOPER & DECATUR CLUSTER","485 CENTRAL AVE","BROOKLYN","NY","11221","Kings County","6","5","Not Indicated"
"NYC20080080","COOPER & DECATUR CLUSTER","618 WILSON AVE","BROOKLYN","NY","11207","Kings County","6","5","Not Indicated"
"NYC20080085","COOPER & DECATUR CLUSTER","164 COOPER ST","BROOKLYN","NY","11207","Kings County","4","2","Not Indicated"
"NYC20080090","COOPER & DECATUR CLUSTER","1275 DECATUR ST","BROOKLYN","NY","11207","Kings County","4","3","Not Indicated"
"NYC20080095","COOPER & DECATUR CLUSTER","167 COOPER ST","BROOKLYN","NY","11207","Kings County","6","4","Not Indicated"
"NYC20080180","LINDA PLAZA APTS","780 ELDERT LN","BROOKLYN","NY","11208","Kings County","1527","1062","Not Indicated"
"NYC20080195","MONTAUK AVENUE CLUSTER","526 ELTON ST","BROOKLYN","NY","11208","Kings County","6","6","Not Indicated"
"NYC20080205","MOTHER GASTON CLUSTER","213 HULL ST","BROOKLYN","NY","11233","Kings County","5","4","Not Indicated"
"NYC20080210","MOTHER GASTON CLUSTER","18 HAVEN PL","BROOKLYN","NY","11233","Kings County","5","4","Not Indicated"
"NYC20080215","MOTHER GASTON CLUSTER","1484 HERKIMER ST","BROOKLYN","NY","11233","Kings County","5","3","Not Indicated"
"NYC20080220","NEW LOTS PLAZA","675 BARBEY ST","BROOKLYN","NY","11207","Kings County","87","83","Not Indicated"
"NYC20080235","RIVERROCK APTS","782 ROCKAWAY AVE","BROOKLYN","NY","11212","Kings County","54","53","Not Indicated"
"NYC20080800","SPRING CREEK GARDENS","901-903 DREW STREET","BROOKLYN","NY","11208","Kings County","582","509","Not Indicated"
"NYC20080802","MAGNOLIA PLAZA HDFC","210 KOSCIUSKO STREET","BROOKLYN","NY","11216","Kings County","102","97","Not Indicated"
"NYC20080809","LINDEN PLAZA PRESERVATION","675 LINCOLN AVENUE","BROOKLYN","NY","11208","Kings County","1527","1100","Not Indicated"
"NYC20080812","PLAZA RESIDENCES","230-232 LOTT AVENUE","BROOKLYN","NY","11212","Kings County","385","371","Not Indicated"
"NYC20080820","260 HERKIMER STREET LP","260 HERKIMER STREET","BROOKLYN","NY","11216","Kings County","138","133","Not Indicated"
"NYC20080824","SUTTER AVENUE ASSOCIATES LLC","626 SUTTER AVENUE","BROOKLYN","NY","11207","Kings County","103","102","Not Indicated"
"NYC20080825","1211 SOUTHERN BOULEVARD, LLC","1211 SOUTHERN BLVD","BROOKLYN","NY","11230","Kings County","123","122","Not Indicated"
"NYC20090030","COOPER STREET CLUSTER","26 SCHAEFER ST","BROOKLYN","NY","11207","Kings County","4","3","Not Indicated"
"NYC20090035","COOPER STREET CLUSTER","158 BLEECKER ST","BROOKLYN","NY","11221","Kings County","6","4","Not Indicated"
"NYC20090040","COOPER STREET CLUSTER","163 COOPER ST","BROOKLYN","NY","11207","Kings County","6","5","Not Indicated"
"NYC20090045","COOPER STREET CLUSTER","239 JEFFERSON ST","BROOKLYN","NY","11237","Kings County","4","3","Not Indicated"
"NYC20090050","COOPER STREET CLUSTER","619 CENTRAL AVE","BROOKLYN","NY","11207","Kings County","6","5","Not Indicated"
"NYC20090055","COOPER STREET CLUSTER","665 EVERGREEN AVE","BROOKLYN","NY","11207","Kings County","5","4","Not Indicated"
"NYC20090060","COOPER STREET CLUSTER","667 CENTRAL AVE","BROOKLYN","NY","11207","Kings County","4","3","Not Indicated"
"NYC20090065","COOPER STREET CLUSTER","683 EVERGREEN AVE","BROOKLYN","NY","11207","Kings County","4","2","Not Indicated"
"NYC20090140","JENNINGS HALL, LP","260 POWERS STREET","BROOKLYN","NY","11211","Kings County","150","149","Not Indicated"
"NYC20090142","KNICKERBOCKER AVENUE CLUSTER","302 HARMAN ST","BROOKLYN","NY","11237","Kings County","5","5","Not Indicated"
"NYC20090143","KNICKERBOCKER AVENUE CLUSTER","588 WILSON AVE","BROOKLYN","NY","11207","Kings County","5","3","Not Indicated"
"NYC20090144","KNICKERBOCKER AVENUE CLUSTER","565 WILSON AVE","BROOKLYN","NY","11207","Kings County","4","3","Not Indicated"
"NYC20090145","KNICKERBOCKER AVENUE CLUSTER","49 WILSON AVE","BROOKLYN","NY","11237","Kings County","5","4","Not Indicated"
"NYC20090146","KNICKERBOCKER AVENUE CLUSTER","1241 HALSEY ST","BROOKLYN","NY","11237","Kings County","4","3","Not Indicated"
"NYC20090147","KNICKERBOCKER AVENUE CLUSTER","202 WILSON AVE","BROOKLYN","NY","11237","Kings County","5","3","Not Indicated"
"NYC20090148","KNICKERBOCKER AVENUE CLUSTER","11 TROUTMAN ST","BROOKLYN","NY","11206","Kings County","3","3","Not Indicated"
"NYC20090175","KNICKERBOCKER AVENUE CLUSTER","572 WILSON AVE","BROOKLYN","NY","11207","Kings County","5","4","Not Indicated"
"NYC20090210","MONTAUK AVE CLUSTER","944 HEGEMAN AVE","BROOKLYN","NY","11208","Kings County","6","5","Not Indicated"
"NYC20090215","MONTAUK AVE CLUSTER","644 LINWOOD ST","BROOKLYN","NY","11208","Kings County","6","5","Not Indicated"
"NYC20090220","MONTAUK AVE CLUSTER","2730 PITKIN AVE","BROOKLYN","NY","11208","Kings County","9","7","Not Indicated"
"NYC20090225","MOTHER GASTON CLUSTER","216 HULL ST","BROOKLYN","NY","11233","Kings County","8","8","Not Indicated"
"NYC20090230","MOTHER GASTON CLUSTER","1480 HERKIMER ST","BROOKLYN","NY","11233","Kings County","5","4","Not Indicated"
"NYC20090235","MOTHER GASTON CLUSTER","195 HOPKINSON AVE","BROOKLYN","NY","11233","Kings County","8","6","Not Indicated"
"NYC20090237","MOTHER GASTON SUPPORTIVE HOUSING PROJECT","86 MOTHER GASTON BLVD","BROOKLYN","NY","11233","Kings County","50","49","Not Indicated"
"NYC20090317","BEACON","54 BRISTOL ST","BROOKLYN","NY","11212","Kings County","168","124","Not Indicated"
"NYC20090508","COOK STREET HOUSING LLC","9 COOK STREET","BROOKLYN","NY","11206","Kings County","152","150","Not Indicated"
"NYC20090510","KINGSTON HEIGHTS L.P.","11 KINGSTON AVENUE","BROOKLYN","NY","11213","Kings County","132","130","Not Indicated"
"NYC20090523","1825 ATLANTIC AVENUE LP","1825 ATLANTIC AVENUE","BROOKLYN","NY","11233","Kings County","150","118","Not Indicated"
"NYC20090804","BSDC JOSHUA APTS","300 PUTNAM AVE","BROOKLYN","NY","11216","Kings County","52","51","Not Indicated"
"NYC20090810","WAZOBIA HOUSE","39 VAN BUREN ST","BROOKLYN","NY","11221","Kings County","41","41","Not Indicated"
"NYC20090815","BRISTOL HOPKINSON LLC","445 HOPKINSON AVE.","BROOKLYN","NY","11212","Kings County","168","126","Not Indicated"
"NYC20090819","ALBANY CROSSING LP","1 ALBANY AVENUE","BROOKLYN","NY","11216","Kings County","92","90","Not Indicated"
"NYC20090820","CROWN HEIGHTS APARTMENS  LLC","1055 ST JOHNS PLACE","BROOKLYN","NY","11213","Kings County","144","143","Not Indicated"
"NYC20090825","SONS OF ITALY PRESEVATION","2629 CROPSEY AVENUE","BROOKLYN","NY","11214","Kings County","106","105","Not Indicated"
"NYC20100035","BAY VIEW HOMES PHASE I","2045 ROCKAWAY PKWY","BROOKLYN","NY","11236","Kings County","404","404","Not Indicated"
"NYC20100040","BAY VIEW HOMES PHASE II","2125 ROCKAWAY PKWY","BROOKLYN","NY","11236","Kings County","560","437","Not Indicated"
"NYC20100100","ODESSA APTS","575 FIFTH AVE","BROOKLYN","NY","11215","Kings County","9","7","Not Indicated"
"NYC20100126","KNICKERBOCKER AVENUE CLUSTER","818 KNICKERBOCKER AVE","BROOKLYN","NY","11207","Kings County","6","4","Not Indicated"
"NYC20100127","KNICKERBOCKER AVENUE CLUSTER","187 ELDERT ST","BROOKLYN","NY","11207","Kings County","6","4","Not Indicated"
"NYC20100128","KNICKERBOCKER AVENUE CLUSTER","194 ELDERT ST","BROOKLYN","NY","11207","Kings County","3","2","Not Indicated"
"NYC20100129","KNICKERBOCKER AVENUE CLUSTER","248 CORNELIA ST","BROOKLYN","NY","11221","Kings County","5","5","Not Indicated"
"NYC20100130","KNICKERBOCKER AVENUE CLUSTER","309 SCHAEFER ST","BROOKLYN","NY","11237","Kings County","5","3","Not Indicated"
"NYC20100135","KNICKERBOCKER AVENUE CLUSTER","708 KNICKERBOCKER AVE","BROOKLYN","NY","11221","Kings County","6","4","Not Indicated"
"NYC20100136","KNICKERBOCKER AVENUE CLUSTER","784 KNICKERBOCKER AVE","BROOKLYN","NY","11207","Kings County","3","2","Not Indicated"
"NYC20100141","LIBERTY AVENUE HOUSING","902 LIBERTY AVE","BROOKLYN","NY","11208","Kings County","47","46","Not Indicated"
"NYC20100142","LIVONIA TERRACE APTS","446 ALABAMA AVE","BROOKLYN","NY","11207","Kings County","60","58","Not Indicated"
"NYC20100144","LIVONIA TERRACE APTS","469 ALABAMA AVE","BROOKLYN","NY","11207","Kings County","29","26","Not Indicated"
"NYC20100146","LIVONIA TERRACE APTS","435 ALABAMA AVE","BROOKLYN","NY","11207","Kings County","84","83","Not Indicated"
"NYC20100155","MARLBORO PHASE I","29 AVE W","BROOKLYN","NY","11223","Kings County","34","34","Not Indicated"
"NYC20100160","MARLBORO PHASE II","2770 86TH ST","BROOKLYN","NY","11223","Kings County","416","416","Not Indicated"
"NYC20100165","MEDGAR EVERS HOUSES II","590 GATES AVE","BROOKLYN","NY","11221","Kings County","312","215","Not Indicated"
"NYC20100195","NAVY GREEN SUPPORTIVE HOUSING","130 FLUSHING AVE","BROOKLYN","NY","","Kings County","98","97","Not Indicated"
"NYC20100317","SURF GARDENS (BROOKLYN)","3117 SURF AVE","BROOKLYN","NY","11224","Kings County","77","76","Not Indicated"
"NYC20100531","SISTER STRENGTH HOUSING L.P.","30 3RD AVENUE","BROOKLYN","NY","11217","Kings County","84","84","Not Indicated"
"NYC20100801","BAY VIEW HOMES PHASE II","2125 ROCKAWAY PKWY","BROOKLYN","NY","11236","Kings County","647","647","Not Indicated"
"NYC20100808","THE SCHERMERHORN","160 SCHERMERHORN STREET","BROOKLYN","NY","11201","Kings County","217","216","Not Indicated"
"NYC20100813","SUMPTER MARCUS APTS","348 SUMPTER ST","BROOKLYN","NY","11233","Kings County","49","47","Not Indicated"
"NYC20100826","LIVONIA TERRACE LP","435 ALABAMA AVENUE","BROOKLYN","NY","11207","Kings County","173","167","Not Indicated"
"NYC20100830","550 WATKINS STREET LLC","211 LOTT AVENUE","BROOKLYN","NY","11212","Kings County","104","103","Not Indicated"
"NYC20100832","NEW LOTS OWNERS LLC","683 BARBEY STREET","BROOKLYN","NY","11207","Kings County","87","86","Not Indicated"
"NYC20100833","RIVER ROCK LLC","774 ROCKAWAY AVE","BROOKLYN","NY","11212","Kings County","54","53","Not Indicated"
"NYC20110060","MTI HOWARD AVENUE RESIDENCE","403 HOWARD AVE","BROOKLYN","NY","11233","Kings County","63","62","Not Indicated"
"NYC20110562","DR BETTY SHABAZZ APTS","690 GATES AVE","BROOKLYN","NY","11221","Kings County","78","78","Not Indicated"
"NYC20110581","UDC CORNERSTONE LLC","1600 FULTON STREET","BROOKLYN","NY","11213","Kings County","78","77","Not Indicated"
"NYC20110812","97 CROOKE AVENUE","97 CROOKE AVE","BROOKLYN","NY","11226","Kings County","52","53","Not Indicated"
"NYC20110839","DUMONT GREEN LLC","1490 DUMONT AVENUE","BROOKLYN","NY","11208","Kings County","176","175","Not Indicated"
"NYC20110840","NAVY GREEN R3","45 CLERMONT AVE","BROOKLYN","NY","11205","Kings County","101","100","Not Indicated"
"NYC20110849","MARLBORO HOUSES","29 AVENUE W","BROOKLYN","NY","11223","Kings County","1765","1593","Not Indicated"
"NYC20110857","BAYVIEW HOUSES","2045 ROCKAWAY PARKWAY","BROOKLYN","NY","11236","Kings County","1610","1381","Not Indicated"
"NYC20115003","BUSHWICK HOUSES","881 FLUSHING AVENUE","BROOKLYN","NY","11206","Kings County","1220","1118","Not Indicated"
"NYC20120030","ATLANTIC COMMONS CORNERSTONE LP","2158 ATLANTIC AVENUE","BROOKLYN","NY","11233","Kings County","48","48","Not Indicated"
"NYC20120050","GATEWAY ELTON STREET PHASE I","1149 ELTON ST","BROOKLYN","NY","11239","Kings County","197","196","Not Indicated"
"NYC20120115","NOEL POINTER","790 LAFAYETTE AVE","BROOKLYN","NY","11221","Kings County","23","23","Not Indicated"
"NYC20120584","OLR MM APTS - MADISON/PUTNAM CLUSTER","926 MADISON ST","BROOKLYN","NY","11221","Kings County","47","47","Not Indicated"
"NYC20120803","PIERREPONT HOUSE CONDOMINIUMS","59 PIERREPONT ST","BROOKLYN","NY","11201","Kings County","22","22","Not Indicated"
"NYC20120854","GATEWAY ELTON","1166 ELTON ST","BROOKLYN","NY","11239","Kings County","197","196","Not Indicated"
"NYC20120855","11 BROADWAY","11 BROADWAY","BROOKLYN","NY","11211","Kings County","160","32","Not Indicated"
"NYC20130005","270 PULASKI ST","270 PULASKI ST","BROOKLYN","NY","11206","Kings County","10","10","Not Indicated"
"NYC20130020","CITYWIDE POTFOLIO - BEDSTUY","101 VAN BUREN ST","BROOKLYN","NY","11221","Kings County","69","69","Not Indicated"
"NYC20130035","CITYWIDE POTFOLIO - BROWNSVILLE","278 E 92ND ST","BROOKLYN","NY","11212","Kings County","27","27","Not Indicated"
"NYC20130040","CITYWIDE POTFOLIO - EAST PKWY","1566 EASTERN PKWY","BROOKLYN","NY","11233","Kings County","23","23","Not Indicated"
"NYC20130060","NAVY GREEN R1","7 CLERMONT AVENUE","BROOKLYN","NY","11205","Kings County","111","78","Not Indicated"
"NYC20130184","270 PULASKI STREET, LP","270 PULASKI STREET","BROOKLYN","NY","11221","Kings County","72","71","Not Indicated"
"NYC20130187","55 PIERREPONT LLC","55 PIERREPONT STREET","BROOKLYN","NY","11201","Kings County","189","188","Not Indicated"
"NYC20130197","CONEY ISLAND COMMONS","2960 WEST 29TH STREET","BROOKLYN","NY","11224","Kings County","195","194","Not Indicated"
"NYC20130200","GREENE AVENUE SENIOR","257 GREENE AVENUE","BROOKLYN","NY","11238","Kings County","150","149","Not Indicated"
"NYC20130213","RIVERWAY APARTMENTS LLC","230 RIVERDALE AVENUE","BROOKLYN","NY","11212","Kings County","115","114","Not Indicated"
"NYC20142001","1133 MANHATTAN AVENUE","1133 MANHATTAN AVENUE","BROOKLYN","NY","11222","Kings County","210","44","Not Indicated"
"NYC20142005","BEREAN APARTMENTS","110 ROCHESTER AVENUE","BROOKLYN","NY","11213","Kings County","107","106","Not Indicated"
"NYC20142015","ENY DEVELOPMENT","539-45 ALABAMA AVENUE","BROOKLYN","NY","11207","Kings County","468","441","Not Indicated"
"NYC20142039","UTICA PLACE RESIDENTIAL LLC","1339 LINCOLN PLACE","BROOKLYN","NY","11213","Kings County","87","86","Not Indicated"
"NYC20144002","21 TRUXTON ROAD","21 TRUXTON STREET","BROOKLYN","NY","11233","Kings County","48","48","Not Indicated"
"NYC20151020","GATEWAY ELTON II","516 VANDALIA AVENUE","BROOKLYN","NY","11239","Kings County","175","174","Not Indicated"
"NYC20151026","LIVONIA COMMONS","491 SHEFFIELD AVENUE","BROOKLYN","NY","11207","Kings County","278","274","Not Indicated"
"NYC20152008","BENSONHURST HOUSING FOR THE ELDERLY","2164 78TH ST","BROOKLYN","NY","11214","Kings County","71","70","Not Indicated"
"NYC20153006","ATLANTIC COMMONS PHASE II","1459 ST MARKS AVE","BROOKLYN","NY","11233","Kings County","44","43","Not Indicated"
"NYC20153020","MHANY TPT 9","1682-1700 STERLING PLACE","BROOKLYN","NY","11213","Kings County","54","66","Not Indicated"
"NYC20161005","250 ASHLAND PLACE","250 ASHLAND PLACE (590 FULTON ST.)","BROOKLYN","NY","11217","Kings County","586","118","Not Indicated"
"NYC20161019","GREENPOINT LANDING SITE G2","21 COMMERCIAL STREET","BROOKLYN","NY","11222","Kings County","93","92","Not Indicated"
"NYC20161024","GREENPOINT LANDING E3 (33 EAGLE)","33 EAGLE STREET","BROOKLYN","NY","11222","Kings County","97","58","Not Indicated"
"NYC20161027","IMPACCT PRESERVATION","226 LEFFERTS PLACE","BROOKLYN","NY","11238","Kings County","492","426","Not Indicated"
"NYC20161035","OCEANHILL LLC","1743-1755 PROSPECT PLACE AND 1765 PROSPECT PLACE","BROOKLYN","NY","11233","Kings County","110","109","Not Indicated"
"NYC20162002","250 ASHLAND","590 FULTON STREET","BROOKLYN","NY","11201","Kings County","118","118","Not Indicated"
"NYC20162014","BENSONHURST HOUSING L.P.","2164 78TH STREET","BROOKLYN","NY","11214","Kings County","71","70","Not Indicated"
"NYC20162025","GREEN POINT LANDING E3","33 EAGLE STREET","BROOKLYN","NY","11222","Kings County","98","58","Not Indicated"
"NYC20162034","JARKA HALL L.P.","270 BEDFORD AVE","BROOKLYN","NY","11249","Kings County","64","63","Not Indicated"
"NYC20162058","PROSPECT PLAZA 1","1765 PROSPECT PLACE","BROOKLYN","NY","11233","Kings County","110","109","Not Indicated"
"NYC20162064","STAMMTISCH ASSOCIATES, LP","26 MORGAN AVENUE","BROOKLYN","NY","11237","Kings County","46","42","Not Indicated"
"NYC20163016","IMPACCT PRESERVATION - FULTON CLUSTER","1 BREVOORT PLACE","BROOKLYN","NY","11216","Kings County","89","84","Not Indicated"
"NYC20163017","IMPACCT PRESERVATION - NORTHERN CLUSTER","660 WILLOUGHBY AVENUE","BROOKLYN","NY","11206","Kings County","135","117","Not Indicated"
"NYC20163018","IMPACCT PRESERVATION - SOUTHERN CLUSTER","542 GATES AVENUE","BROOKLYN","NY","11221","Kings County","93","84","Not Indicated"
"NYC20163019","IMPACCT PRESERVATION -EASTERN CLUSTER","273-75 QUINCY STREET","BROOKLYN","NY","11216","Kings County","76","63","Not Indicated"
"NYC20164017","NORTH BROOKLYN OPPORTUNITIES, LP","568 GRAHAM AVENUE","BROOKLYN","NY","11222","Kings County","24","24","Not Indicated"
"NYC20165019","PARK MONROE II","1933 UNION STREET","BROOKLYN","NY","11233","Kings County","214","173","Not Indicated"
"NYC20170012","OCEANHILL II LLC","1740-1760 PROSPECT PLACE AND 396 SARATOGA AVENUE","BROOKLYN","NY","11233","Kings County","149","148","Not Indicated"
"NYC20171006","535 CARLTON AVE AT PACIFIC PARK BROOKLYN","535 CARLTON AVE","BROOKLYN","NY","11238","Kings County","90","90","Not Indicated"
"NYC20171007","AFFORDABLE AND SUPPORTIVE HOUSING AT VAN DYKE","603 MOTHER GASTON BLVD","BROOKLYN","NY","11212","Kings County","101","100","Not Indicated"
"NYC20171015","BROADWAY DECATUR / HENRY APARTMENTS","1676 BROADWAY","BROOKLYN","NY","11503","Kings County","134","133","Not Indicated"
"NYC20171032","F2 GREENPOINT LANDING","5 BLUE SLIP","BROOKLYN","NY","11122","Kings County","103","103","Not Indicated"
"NYC20171034","GREENPOINT LANDING F2","5 BLUE SLIP","BROOKLYN","NY","11222","Kings County","103","103","Not Indicated"
"NYC20171041","MHANY 2015","319-321 ALBANY AVENUE","BROOKLYN","NY","11213","Kings County","255","218","Not Indicated"
"NYC20171047","PP 38 SIXTH AVENUE TC RS, LLC","38 SIXTH AVENUE","BROOKLYN","NY","11217","Kings County","303","91","Not Indicated"
"NYC20171048","PP 535 CARLTON TC, LLC","535 CARLTON AVENUE","BROOKLYN","NY","11238","Kings County","298","90","Not Indicated"
"NYC20171051","PROSPECT PLAZA 2","1740-1760 PROSPECT PLACE","BROOKLYN","NY","11233","Kings County","149","148","Not Indicated"
"NYC20171057","THE HENRY STREET APARTMENTS","1676 BROADWAY","BROOKLYN","NY","11207","Kings County","134","133","Not Indicated"
"NYC20171058","VAN DYKE HOUSES","603 MOTHER GASTON BLVD.","BROOKLYN","NY","11212","Kings County","101","100","Not Indicated"
"NYC20171060","WILLIAMSBURG APARTMENTS","37 TEN EYCK STREET","BROOKLYN","NY","11206","Kings County","53","52","Not Indicated"
"NYC20172030","STONE HOUSE (FKA THE GLENMORE)","91 JUNIUS STREET","BROOKLYN","NY","11212","Kings County","160","160","Not Indicated"
"NYC20173003","38 SIXTH AVE AT PACIFIC PARK BROOKLYN","38 6TH AVENUE","BROOKLYN","NY","11217","Kings County","91","91","Not Indicated"
"NYC20173015","MHANY 75","1141 BUSHWICK AVENUE","BROOKLYN","NY","11221","Kings County","254","216","Not Indicated"
"NYC20181001","101 S 5TH ST OR LPC WAREHOUSE","101 SOUTH 5TH STREET","BROOKLYN","NY","11249","Kings County","54","54","Not Indicated"
"NYC20181032","OCEANHILL III LLC","430 SARATOGA AVENUE","BROOKLYN","NY","11233","Kings County","135","134","Not Indicated"
"NYC20181034","PROSPECT PLAZA SITE 3","430 SARATOGA AVENUE","BROOKLYN","NY","11233","Kings County","134","134","Not Indicated"
"NYC20181049","WILLAMSBURG BRIDEVIEW","105 SOUTH 5TH ST.","BROOKLYN","NY","11249","Kings County","55","54","Not Indicated"
"NYC20182015","BRIDGE COMMUNITY","271-273 BAINBRIDGE STREET","BROOKLYN","NY","11233","Kings County","35","31","Not Indicated"
"NYC20182021","CYPRESS HILLS PITKIN-BERRIMAN","2501 PITKIN AVENUE","BROOKLYN","NY","11208","Kings County","59","59","Not Indicated"
"NYC20182024","FAC RENAISSANCE LP","76 FIFTH AVENUE","BROOKLYN","NY","11217","Kings County","45","41","Not Indicated"
"NYC20182028","GATES AVENUE RESIDENCE","500 GATES AVENUE","BROOKLYN","NY","11216","Kings County","68","68","Not Indicated"
"NYC20182054","THE GLENMORE/STONE HOUSE","91 JUNIUS STREET","BROOKLYN","NY","11212","Kings County","161","160","Not Indicated"
"NYC20183015","FSG MPLP CLUSTER","407 LINCOLN PLACE","BROOKLYN","NY","11238","Kings County","73","70","Not Indicated"
"NYC20191007","BRP L2 LLC","453 HINSDALE AVENUE","BROOKLYN","NY","11207","Kings County","242","240","Not Indicated"
"NYC20191008","BRP L2 LLC  LIVONIA","500 LIVONIA AVENUE","BROOKLYN","NY","11207","Kings County","240","240","Not Indicated"
"NYC20191012","INGERSOLL SENIOR PARNTERNS LLC","112 ST. EDWARDS STREET","BROOKLYN","NY","11205","Kings County","145","145","Not Indicated"
"NYC20191021","PH HALSEY HANCOCK APARTMENTS","178 HALSEY STREET","BROOKLYN","NY","11216","Kings County","21","21","Not Indicated"
"NYC20191026","SPRING CREEK IV MIXED INCOME LLC","475-510 VANDALIA AVENUE","BROOKLYN","NY","11239","Kings County","160","112","Not Indicated"
"NYC20193007","INGERSOLL SENIOR RESIDENCES","112 ST. EDWARDS STREET","BROOKLYN","NY","11205","Kings County","146","145","Not Indicated"
"NYC20193010","NEHEMIAH SPRING CREEK 4B-1","475 VANDALIA AVENUE","BROOKLYN","NY","11239","Kings County","112","112","Not Indicated"
"NYC20194003","BEC PHASE II RESYNDICATION","152 ALBANY AVENUE","BROOKLYN","NY","11213","Kings County","475","423","Not Indicated"
"NYC20201020","HELP LIVONIA II","463 LIVONIA AVENUE","BROOKLYN","NY","11207","Kings County","57","56","Not Indicated"
"NYC20202010","BEVERLY'S PLACE","402 SNEDIKER AVENUE","BROOKLYN","NY","11207","Kings County","72","71","Not Indicated"
"NYC20202027","ROGERS AVENUE","1345 ROGERS AVENUE","BROOKLYN","NY","11210","Kings County","123","122","Not Indicated"
"NYC20211002","1921 CORTELYOU","1921 CORTELYOU","BROOKLYN","NY","11226","Kings County","76","75","Not Indicated"
"NYC20211003","50 PENN","62 PENNSYLVANIA AVENUE","BROOKLYN","NY","11207","Kings County","218","217","Not Indicated"
"NYC20211008","BEDFORD COURT III","1089 PRESIDENT STREET","BROOKLYN","NY","11225","Kings County","251","250","Not Indicated"
"NYC20211010","BPHN SENIOR RESIDENCE PROJECT","1488 NEW YORK AVENUE","BROOKLYN","NY","11210","Kings County","89","88","Not Indicated"
"NYC20211019","CONEY ISLAND ASSOCIATES 1 AFFORDABLE LLC","2926 WEST 19 STREET","BROOKLYN","NY","11224","Kings County","356","256","Not Indicated"
"NYC20211020","EBENEZER PLAZA PHASE 1A SOUTH","672 POWELL STREET","BROOKLYN","NY","11212","Kings County","197","196","Not Indicated"
"NYC20211021","EBENEZER PLAZA PHASE 1B NORTH","96 NEW LOTS AVENUE","BROOKLYN","NY","11212","Kings County","118","118","Not Indicated"
"NYC20211030","LINDEN TERRACE","2858 LINDEN BLVD","BROOKLYN","NY","11208","Kings County","140","140","Not Indicated"
"NYC20211037","SPRING CREEK 4B-2","1111 ASHFORD STREET","BROOKLYN","NY","11239","Kings County","174","174","Not Indicated"
"NYC20211038","TRINITY NE BROOKLYN LP","405 DUMONT AVENUE","BROOKLYN","NY","11212","Kings County","180","179","Not Indicated"
"NYC20212017","CONEY ISLAND PHASE 1","2926 WEST 19TH STREET","BROOKLYN","NY","11224","Kings County","356","356","Not Indicated"
"NYC20212020","EBENEZER PLAZA PHASE 1B","96 NEW LOTS AVENUE","BROOKLYN","NY","11212","Kings County","118","118","Not Indicated"
"NYC20212035","VAN DYKE III","405 DUMONT AVENUE","BROOKLYN","NY","11212","Kings County","180","179","Not Indicated"
"NYC20221002","1921 ATLANTIC AVENUE LLC","27 PRESCOTT PLACE","BROOKLYN","NY","11233","Kings County","236","235","Not Indicated"
"NYC20221014","CHESTNUT COMMONS APARTMENTS LLC","110 DINSMORE PLACE","BROOKLYN","NY","11208","Kings County","275","274","Not Indicated"
"NYC20230001","BEDFORD COURTS - BUILDINGS 2 AND 3","1089 PRESIDENT STREET","BROOKLYN","NY","11225","Kings County","250","250","Not Indicated"
"NYC20230008","DEBEVOISE SENIOR HOUSING","40 DEBEVOISE STREET","BROOKLYN","NY","11206","Kings County","65","64","Not Indicated"
"NYE00000029","BUSHWICK","24 HUMBOLDT ST","BROOKLYN","NY","11206","Kings County","38","","Not Indicated"
"NYE00000080","STATE RENAISSANCE, LLC","200 SCHERMERHORN ST","BROOKLYN","NY","11201","Kings County","47","","Not Indicated"
"NYE20201002","1345 ROGERS AVENUE","1345 ROGERS AVENUE","BROOKLYN","NY","11210","Kings County","123","122","Not Indicated"
"NYE20201039","VAN SINDEREN PLAZA, LLC","679 VAN SINDEREN","BROOKLYN","NY","11207","Kings County","130","129","Not Indicated"